page_id,doi,covid_preprint,annotator,section,label,label+modifier,label_modifier,score,score+modifier,score_modifier
1,10.1101/19005710,False,Jessica  Polka,context,nounchange,nounchange,,1,1,
1,10.1101/19005710,False,jonathon coates,context,effect,effect-,-,1,1,
1,10.1101/19005710,False,Jessica  Polka,conclusions,stat,stat-,-,1,1,
2,10.1101/19006031,False,Jessica  Polka,context,added,added,,1,1-,-
2,10.1101/19006031,False,jonathon coates,results,removed,removed,,1,1-,-
2,10.1101/19006031,False,Mate  Palfy,results,added,added,,1,1+,+
2,10.1101/19006031,False,jonathon coates,results,stat,stat-,-,1,1,
2,10.1101/19006031,False,Mate  Palfy,results,removed,removed,,1,1,
2,10.1101/19006031,False,Jessica  Polka,results,nounchange,nounchange,,1,1-,-
2,10.1101/19006031,False,jonathon coates,results,stat,stat+,+,1,1+,+
2,10.1101/19006031,False,Jessica  Polka,results,stat,stat+,+,1,1+,+
2,10.1101/19006031,False,Mate  Palfy,results,removed,removed,,1,1,
2,10.1101/19006031,False,Mate  Palfy,conclusions,stat,stat+,+,1,1+,+
2,10.1101/19006031,False,Jessica  Polka,conclusions,effect,effect-,-,1,1,
2,10.1101/19006031,False,Jessica  Polka,conclusions,effect,effect+,+,1,1+,+
3,10.1101/19006171,False,Jessica  Polka,context,added,added,,1,1,
3,10.1101/19006171,False,Jessica  Polka,context,nounchange,nounchange,,1,1,
3,10.1101/19006171,False,Mate  Palfy,context,removed,removed,,1,1,
3,10.1101/19006171,False,jonathon coates,context,removed,removed,,1,1,
3,10.1101/19006171,False,Jessica  Polka,conclusions,stat,stat-,-,1,1,
3,10.1101/19006171,False,Jessica  Polka,context,removed,removed,,1,1,
3,10.1101/19006171,False,jonathon coates,context,added,added,,1,1+,+
3,10.1101/19006171,False,Jessica  Polka,context,added,added,,1,1,
3,10.1101/19006171,False,jonathon coates,results,removed,removed,,1,1,
4,10.1101/19006478,False,Dey   Gautam,context,added,added,,1,1+,+
4,10.1101/19006478,False,Mate  Palfy,context,removed,removed,,1,1,
4,10.1101/19006478,False,jonathon coates,results,removed,removed,,1,1,
4,10.1101/19006478,False,Dey   Gautam,context,added,added,,1,1+,+
4,10.1101/19006478,False,jonathon coates,results,added,added,,1,1,
4,10.1101/19006478,False,jonathon coates,results,stat,stat+,+,1,1,
4,10.1101/19006478,False,Dey   Gautam,conclusions,added,added,,1,1+,+
7,10.1101/19006635,False,Jessica  Polka,context,removed,removed,,1,1,
7,10.1101/19006635,False,Jessica  Polka,context,removed,removed,,1,1+,+
7,10.1101/19006635,False,Jessica  Polka,context,nounchange,nounchange,,1,1,
7,10.1101/19006635,False,Jessica  Polka,context,stat,stat-,-,1,1,
7,10.1101/19006635,False,Jessica  Polka,context,removed,removed,,1,1,
7,10.1101/19006635,False,Jessica  Polka,results,stat,stat+,+,1,1+,+
7,10.1101/19006635,False,Jessica  Polka,results,stat,stat+,+,1,1+,+
7,10.1101/19006635,False,Jessica  Polka,context,removed,removed,,1,1,
7,10.1101/19006635,False,jonathon coates,results,stat,stat+,+,1,1+,+
8,10.1101/19006650,False,jonathon coates,results,effect,effect-,-,1,1,
8,10.1101/19006650,False,Jessica  Polka,conclusions,stat,stat-,-,1,1,
8,10.1101/19006650,False,Jessica  Polka,conclusions,stat,stat-,-,1,1,
9,10.1101/19006833,False,Jessica  Polka,context,nounchange,nounchange,,1,1,
9,10.1101/19006833,False,Dey   Gautam,conclusions,added,added,,2,2,
10,10.1101/19006957,False,Dey   Gautam,context,nounchange,nounchange,,1,1,
10,10.1101/19006957,False,Jessica  Polka,conclusions,removed,removed,,1,1,
10,10.1101/19006957,False,Jessica  Polka,results,removed,removed,,1,1,
10,10.1101/19006957,False,jonathon coates,results,effect,effect-,-,1,1,
10,10.1101/19006957,False,jonathon coates,results,added,added,,1,1,
10,10.1101/19006957,False,Jessica  Polka,conclusions,removed,removed,,1,1,
11,10.1101/19007013,False,Jessica  Polka,context,removed,removed,,1,1,
11,10.1101/19007013,False,Jessica  Polka,context,stat,stat-,-,1,1,
11,10.1101/19007013,False,Dey   Gautam,context,removed,removed,,1,1,
11,10.1101/19007013,False,Mate  Palfy,context,removed,removed,,1,1,
11,10.1101/19007013,False,Mate  Palfy,context,removed,removed,,1,1,
11,10.1101/19007013,False,Jessica  Polka,results,added,added,,1,1+,+
11,10.1101/19007013,False,Mate  Palfy,context,removed,removed,,1,1,
11,10.1101/19007013,False,Mate  Palfy,context,removed,removed,,1,1,
11,10.1101/19007013,False,Mate  Palfy,context,removed,removed,,1,1,
11,10.1101/19007013,False,Mate  Palfy,results,stat,stat,,1,1+,+
11,10.1101/19007013,False,jonathon coates,conclusions,added,added,,1,1+,+
11,10.1101/19007013,False,Jessica  Polka,conclusions,stat,stat-,-,1,1-,-
11,10.1101/19007013,False,Jessica  Polka,conclusions,removed,removed,,1,1+,+
12,10.1101/19007021,False,Jessica  Polka,context,removed,removed,,1,1,
12,10.1101/19007021,False,Mate  Palfy,context,nounchange,nounchange,,1,1+,+
12,10.1101/19007021,False,Mate  Palfy,results,stat,stat-,-,1,1,
12,10.1101/19007021,False,Jessica  Polka,conclusions,added,added,,1,1+,+
12,10.1101/19007021,False,Mate  Palfy,conclusions,added,added,,1,1+,+
12,10.1101/19007021,False,Mate  Palfy,conclusions,added,added,,1,1,
13,10.1101/19007161,False,Jessica  Polka,results,removed,removed,,1,1-,-
13,10.1101/19007161,False,Jessica  Polka,context,added,added,,1,1,
13,10.1101/19007161,False,Jessica  Polka,context,added,added,,1,1,
13,10.1101/19007161,False,Mate  Palfy,context,removed,removed,,1,1,
13,10.1101/19007161,False,Mate  Palfy,context,removed,removed,,1,1,
13,10.1101/19007161,False,Mate  Palfy,results,added,added,,1,1,
13,10.1101/19007161,False,Dey   Gautam,conclusions,added,added,,1,1+,+
13,10.1101/19007161,False,Jessica  Polka,results,added,added,,1,1+,+
13,10.1101/19007161,False,Jessica  Polka,results,removed,removed,,1,1,
14,10.1101/19007401,False,Jessica  Polka,context,effect,effect-,-,1,1,
14,10.1101/19007401,False,Jessica  Polka,context,stat,stat-,-,1,1,
14,10.1101/19007401,False,Jessica  Polka,context,nounchange,nounchange,,1,1,
14,10.1101/19007401,False,Jessica  Polka,results,nounchange,nounchange,,1,1+,+
15,10.1101/19007450,False,Mate  Palfy,results,stat,stat,,1,1,
16,10.1101/19007542,False,Jessica  Polka,context,removed,removed,,1,1,
16,10.1101/19007542,False,Dey   Gautam,context,nounchange,nounchange,,1,1,
16,10.1101/19007542,False,Jessica  Polka,context,added,added,,1,1+,+
16,10.1101/19007542,False,Jessica  Polka,results,nounchange,nounchange,,1,1+,+
16,10.1101/19007542,False,Jessica  Polka,context,removed,removed,,1,1,
16,10.1101/19007542,False,Mate  Palfy,results,added,added,,1,1+,+
16,10.1101/19007542,False,jonathon coates,results,stat,stat-,-,1,1,
16,10.1101/19007542,False,Mate  Palfy,context,removed,removed,,1,1,
16,10.1101/19007542,False,jonathon coates,results,stat,stat-,-,1,1,
16,10.1101/19007542,False,Jessica  Polka,results,added,added,,1,1+,+
17,10.1101/19007666,False,Jessica  Polka,context,stat,stat-,-,1,1-,-
17,10.1101/19007666,False,Jessica  Polka,results,stat,stat-,-,1,1-,-
17,10.1101/19007666,False,Dey   Gautam,context,added,added,,1,1+,+
17,10.1101/19007666,False,jonathon coates,results,stat,stat+,+,1,1+,+
17,10.1101/19007666,False,Jessica  Polka,results,stat,stat-,-,1,1-,-
17,10.1101/19007666,False,Jessica  Polka,results,stat,stat-,-,1,1-,-
17,10.1101/19007666,False,Jessica  Polka,results,stat,stat-,-,1,1-,-
17,10.1101/19007666,False,Jessica  Polka,results,stat,stat-,-,1,1-,-
19,10.1101/19007849,False,Jessica  Polka,context,added,added,,1,1,
19,10.1101/19007849,False,Jessica  Polka,context,removed,removed,,1,1,
19,10.1101/19007849,False,Jessica  Polka,context,added,added,,1,1,
19,10.1101/19007849,False,Jessica  Polka,context,added,added,,1,1,
19,10.1101/19007849,False,Jessica  Polka,context,removed,removed,,1,1,
19,10.1101/19007849,False,Jessica  Polka,context,added,added,,1,1,
19,10.1101/19007849,False,Jessica  Polka,context,added,added,,1,1,
19,10.1101/19007849,False,Jessica  Polka,context,added,added,,1,1,
19,10.1101/19007849,False,Jessica  Polka,context,nounchange,nounchange,,1,1-,-
19,10.1101/19007849,False,Mate  Palfy,conclusions,added,added,,1,1+,+
19,10.1101/19007849,False,Jessica  Polka,context,added,added,,1,1,
19,10.1101/19007849,False,Jessica  Polka,context,removed,removed,,1,1,
19,10.1101/19007849,False,Jessica  Polka,context,nounchange,nounchange,,1,1,
20,10.1101/19008102,False,Jessica  Polka,conclusions,stat,stat+,+,1,1+,+
20,10.1101/19008102,False,Dey   Gautam,conclusions,added,added,,1,1+,+
24,10.1101/19008300,False,Dey   Gautam,context,removed,removed,,1,1,
24,10.1101/19008300,False,Jessica  Polka,conclusions,nounchange,nounchange,,1,1-,-
24,10.1101/19008300,False,Jessica  Polka,conclusions,removed,removed,,1,1+,+
24,10.1101/19008300,False,Jessica  Polka,conclusions,effect,effect+,+,1,1+,+
24,10.1101/19008300,False,Jessica  Polka,context,added,added,,1,1,
24,10.1101/19008300,False,Mate  Palfy,results,stat,stat,,1,1+,+
24,10.1101/19008300,False,Mate  Palfy,results,stat,stat,,1,1+,+
24,10.1101/19008300,False,Jessica  Polka,results,nounchange,nounchange,,1,1,
24,10.1101/19008300,False,Jessica  Polka,conclusions,removed,removed,,1,1,
24,10.1101/19008300,False,jonathon coates,results,effect,effect-,-,1,1,
24,10.1101/19008300,False,Dey   Gautam,conclusions,added,added,,1,1+,+
24,10.1101/19008300,False,Dey   Gautam,results,removed,removed,,1,1,
24,10.1101/19008300,False,Mate  Palfy,conclusions,added,added,,1,1+,+
24,10.1101/19008300,False,Dey   Gautam,results,added,added,,1,1+,+
24,10.1101/19008300,False,jonathon coates,conclusions,effect,effect+,+,1,1+,+
26,10.1101/19008367,False,Jessica  Polka,context,effect,effect-,-,1,1,
26,10.1101/19008367,False,Mate  Palfy,context,removed,removed,,1,1,
26,10.1101/19008367,False,Jessica  Polka,results,stat,stat+,+,1,1+,+
26,10.1101/19008367,False,Jessica  Polka,results,effect,effect+,+,1,1+,+
26,10.1101/19008367,False,Jessica  Polka,results,effect,effect-,-,1,1,
26,10.1101/19008367,False,Mate  Palfy,results,effect,effect-,-,1,1,
26,10.1101/19008367,False,jonathon coates,results,stat,stat-,-,1,1,
26,10.1101/19008367,False,jonathon coates,results,stat,stat-,-,1,1,
26,10.1101/19008367,False,Jessica  Polka,conclusions,added,added,,2,2,
28,10.1101/19008953,False,Jessica  Polka,context,added,added,,1,1,
28,10.1101/19008953,False,Jessica  Polka,context,removed,removed,,1,1,
29,10.1101/19009472,False,Mate  Palfy,results,stat,stat,,1,1,
29,10.1101/19009472,False,Mate  Palfy,results,stat,stat,,1,1,
29,10.1101/19009472,False,Mate  Palfy,results,stat,stat,,1,1,
29,10.1101/19009472,False,Jessica  Polka,results,stat,stat,,1,1,
29,10.1101/19009472,False,Jessica  Polka,results,stat,stat,,1,1,
30,10.1101/19009522,False,Jessica  Polka,context,added,added,,1,1,
30,10.1101/19009522,False,jonathon coates,conclusions,removed,removed,,1,1,
31,10.1101/19009589,False,Mate  Palfy,results,nounchange,nounchange,,1,1,
32,10.1101/19009647,False,Jessica  Polka,context,nounchange,nounchange,,1,1,
34,10.1101/19010462,False,Dey   Gautam,context,added,added,,1,1+,+
34,10.1101/19010462,False,Jessica  Polka,context,stat,stat-,-,1,1,
34,10.1101/19010462,False,Dey   Gautam,results,stat,stat+,+,1,1+,+
34,10.1101/19010462,False,Mate  Palfy,results,stat,stat-,-,1,1,
35,10.1101/19010579,False,Jessica  Polka,context,nounchange,nounchange,,1,1,
35,10.1101/19010579,False,jonathon coates,results,added,added,,1,1+,+
36,10.1101/19010728,False,Dey   Gautam,context,added,added,,1,1+,+
37,10.1101/19010975,False,Dey   Gautam,results,stat,stat+,+,1,1+,+
37,10.1101/19010975,False,Dey   Gautam,results,stat,stat+,+,1,1+,+
38,10.1101/19011049,False,Jessica  Polka,results,effect,effect+,+,1,1+,+
38,10.1101/19011049,False,Jessica  Polka,results,stat,stat-,-,1,1,
38,10.1101/19011049,False,Mate  Palfy,results,added,added,,1,1+,+
39,10.1101/19011064,False,Jessica  Polka,context,removed,removed,,1,1,
39,10.1101/19011064,False,Jessica  Polka,context,removed,removed,,1,1,
39,10.1101/19011064,False,Jessica  Polka,results,effect,effect-,-,1,1,
39,10.1101/19011064,False,Jessica  Polka,context,removed,removed,,1,1,
39,10.1101/19011064,False,Jessica  Polka,context,removed,removed,,1,1,
39,10.1101/19011064,False,Jessica  Polka,context,removed,removed,,1,1,
39,10.1101/19011064,False,Jessica  Polka,context,removed,removed,,1,1,
39,10.1101/19011064,False,Jessica  Polka,context,stat,stat+,+,1,1,
39,10.1101/19011064,False,jonathon coates,results,stat,stat+,+,1,1+,+
39,10.1101/19011064,False,Dey   Gautam,results,added,added,,1,1+,+
39,10.1101/19011064,False,jonathon coates,results,stat,stat+,+,1,1+,+
39,10.1101/19011064,False,Mate  Palfy,results,stat,stat-,-,1,1,
39,10.1101/19011064,False,Jessica  Polka,results,nounchange,nounchange,,1,1,
39,10.1101/19011064,False,Jessica  Polka,results,effect,effect+,+,1,1+,+
39,10.1101/19011064,False,Jessica  Polka,results,removed,removed,,1,1,
39,10.1101/19011064,False,Jessica  Polka,results,removed,removed,,1,1,
39,10.1101/19011064,False,Jessica  Polka,results,added,added,,1,1+,+
39,10.1101/19011064,False,Jessica  Polka,results,stat,stat,,1,1+,+
39,10.1101/19011064,False,Jessica  Polka,results,effect,effect-,-,1,1-,-
39,10.1101/19011064,False,jonathon coates,results,stat,stat+,+,1,1+,+
39,10.1101/19011064,False,jonathon coates,results,stat,stat+,+,1,1+,+
39,10.1101/19011064,False,Dey   Gautam,results,removed,removed,,1,1,
39,10.1101/19011064,False,Mate  Palfy,conclusions,added,added,,1,1+,+
39,10.1101/19011064,False,Jessica  Polka,results,added,added,,1,1+,+
39,10.1101/19011064,False,Mate  Palfy,conclusions,added,added,,1,1+,+
39,10.1101/19011064,False,Jessica  Polka,conclusions,removed,removed,,1,1-,-
40,10.1101/19011130,False,Mate  Palfy,results,stat,stat+,+,1,1+,+
40,10.1101/19011130,False,Mate  Palfy,results,added,added,,1,1+,+
40,10.1101/19011130,False,Jessica  Polka,results,stat,stat,,1,1,
40,10.1101/19011130,False,Jessica  Polka,results,added,added,,1,1+,+
40,10.1101/19011130,False,Mate  Palfy,results,effect,effect-,-,1,1,
40,10.1101/19011130,False,Mate  Palfy,results,added,added,,1,1+,+
40,10.1101/19011130,False,Jessica  Polka,results,added,added,,1,1+,+
40,10.1101/19011130,False,Jessica  Polka,results,stat,stat,,1,1,
40,10.1101/19011130,False,Dey   Gautam,results,stat,stat,,1,1,
40,10.1101/19011130,False,Mate  Palfy,results,added,added,,1,1+,+
40,10.1101/19011130,False,Mate  Palfy,results,added,added,,1,1+,+
40,10.1101/19011130,False,Jessica  Polka,results,stat,stat+,+,1,1+,+
40,10.1101/19011130,False,jonathon coates,results,stat,stat+,+,1,1+,+
40,10.1101/19011130,False,jonathon coates,results,stat,stat-,-,1,1,
40,10.1101/19011130,False,Jessica  Polka,results,effect,effect-,-,1,1,
40,10.1101/19011130,False,Jessica  Polka,results,stat,stat+,+,1,1+,+
40,10.1101/19011130,False,Jessica  Polka,results,effect,effect-,-,1,1,
40,10.1101/19011130,False,Jessica  Polka,results,stat,stat+,+,1,1+,+
41,10.1101/19011213,False,jonathon coates,context,stat,stat+,+,1,1+,+
41,10.1101/19011213,False,jonathon coates,context,stat,stat+,+,1,1+,+
41,10.1101/19011213,False,Mate  Palfy,results,stat,stat,,1,1,
41,10.1101/19011213,False,Jessica  Polka,results,stat,stat,,1,1+,+
41,10.1101/19011213,False,jonathon coates,results,added,added,,1,1+,+
41,10.1101/19011213,False,Jessica  Polka,results,stat,stat,,1,1+,+
41,10.1101/19011213,False,jonathon coates,context,stat,stat+,+,1,1+,+
41,10.1101/19011213,False,jonathon coates,context,stat,stat+,+,1,1+,+
41,10.1101/19011213,False,jonathon coates,results,added,added,,1,1+,+
41,10.1101/19011213,False,Jessica  Polka,results,effect,effect-,-,1,1,
41,10.1101/19011213,False,Jessica  Polka,results,effect,effect-,-,1,1,
41,10.1101/19011213,False,Jessica  Polka,results,effect,effect-,-,1,1,
41,10.1101/19011213,False,Jessica  Polka,results,effect,effect,,1,1,
41,10.1101/19011213,False,jonathon coates,conclusions,stat,stat+,+,1,1+,+
42,10.1101/19011452,False,Jessica  Polka,context,nounchange,nounchange,,1,1,
42,10.1101/19011452,False,Jessica  Polka,context,nounchange,nounchange,,1,1,
45,10.1101/19011957,False,Jessica  Polka,context,added,added,,1,1,
46,10.1101/19012112,False,Dey   Gautam,results,stat,stat,,1,1+,+
48,10.1101/19012823,False,Dey   Gautam,context,nounchange,nounchange,,1,1,
48,10.1101/19012823,False,Jessica  Polka,results,stat,stat-,-,1,1-,-
48,10.1101/19012823,False,Mate  Palfy,results,stat,stat,,1,1,
48,10.1101/19012823,False,Dey   Gautam,results,stat,stat,,1,1+,+
48,10.1101/19012823,False,Mate  Palfy,results,stat,stat,,1,1,
48,10.1101/19012823,False,Mate  Palfy,results,stat,stat,,1,1,
48,10.1101/19012823,False,Jessica  Polka,results,stat,stat,,1,1,
48,10.1101/19012823,False,Mate  Palfy,conclusions,added,added,,2,2,
48,10.1101/19012823,False,jonathon coates,conclusions,added,added,,2,2,
48,10.1101/19012823,False,Mate  Palfy,conclusions,nounchange,nounchange,,1,1,
48,10.1101/19012823,False,Jessica  Polka,conclusions,nounchange,nounchange,,1,1-,-
49,10.1101/19012880,False,Dey   Gautam,context,removed,removed,,1,1,
49,10.1101/19012880,False,jonathon coates,context,removed,removed,,1,1,
49,10.1101/19012880,False,Jessica  Polka,context,nounchange,nounchange,,1,1,
49,10.1101/19012880,False,Jessica  Polka,context,removed,removed,,1,1,
49,10.1101/19012880,False,Jessica  Polka,context,removed,removed,,1,1,
49,10.1101/19012880,False,Mate  Palfy,conclusions,nounchange,nounchange,,1,1+,+
49,10.1101/19012880,False,Jessica  Polka,conclusions,nounchange,nounchange,,1,1,
56,10.1101/2019.12.17.19015198,False,Jessica  Polka,context,added,added,,1,1,
56,10.1101/2019.12.17.19015198,False,Jessica  Polka,context,added,added,,1,1,
56,10.1101/2019.12.17.19015198,False,Jessica  Polka,context,added,added,,1,1,
56,10.1101/2019.12.17.19015198,False,Jessica  Polka,context,added,added,,1,1,
56,10.1101/2019.12.17.19015198,False,Jessica  Polka,context,nounchange,nounchange,,1,1,
56,10.1101/2019.12.17.19015198,False,Jessica  Polka,context,nounchange,nounchange,,1,1,
56,10.1101/2019.12.17.19015198,False,Mate  Palfy,context,stat,stat,,1,1+,+
56,10.1101/2019.12.17.19015198,False,Jessica  Polka,results,added,added,,1,1,
56,10.1101/2019.12.17.19015198,False,Mate  Palfy,results,stat,stat,,1,1+,+
56,10.1101/2019.12.17.19015198,False,Jessica  Polka,results,nounchange,nounchange,,1,1,
56,10.1101/2019.12.17.19015198,False,Jessica  Polka,conclusions,nounchange,nounchange,,1,1,
56,10.1101/2019.12.17.19015198,False,Mate  Palfy,conclusions,nounchange,nounchange,,1,1+,+
59,10.1101/2019.12.18.881391,False,Jessica  Polka,context,removed,removed,,1,1,
59,10.1101/2019.12.18.881391,False,Jessica  Polka,context,removed,removed,,1,1,
59,10.1101/2019.12.18.881391,False,Jessica  Polka,context,removed,removed,,1,1,
59,10.1101/2019.12.18.881391,False,Jessica  Polka,context,added,added,,1,1,
59,10.1101/2019.12.18.881391,False,Mate  Palfy,results,nounchange,nounchange,,1,1,
59,10.1101/2019.12.18.881391,False,jonathon coates,results,added,added,,1,1+,+
59,10.1101/2019.12.18.881391,False,jonathon coates,results,added,added,,1,1+,+
59,10.1101/2019.12.18.881391,False,Mate  Palfy,conclusions,removed,removed,,1,1,
60,10.1101/2019.12.19.882274,False,Jessica  Polka,context,nounchange,nounchange,,1,1,
62,10.1101/2020.01.03.20016436,False,Jessica  Polka,context,nounchange,nounchange,,1,1+,+
62,10.1101/2020.01.03.20016436,False,Jessica  Polka,context,added,added,,1,1,
62,10.1101/2020.01.03.20016436,False,Jessica  Polka,results,stat,stat-,-,1,1,
62,10.1101/2020.01.03.20016436,False,Jessica  Polka,results,stat,stat,,1,1+,+
62,10.1101/2020.01.03.20016436,False,Dey   Gautam,results,added,added,,1,1,
62,10.1101/2020.01.03.20016436,False,Mate  Palfy,results,effect,effect-,-,1,1,
62,10.1101/2020.01.03.20016436,False,jonathon coates,results,stat,stat-,-,1,1,
62,10.1101/2020.01.03.20016436,False,Jessica  Polka,results,stat,stat,,1,1,
62,10.1101/2020.01.03.20016436,False,Jessica  Polka,results,stat,stat,,1,1+,+
62,10.1101/2020.01.03.20016436,False,Jessica  Polka,results,nounchange,nounchange,,1,1,
62,10.1101/2020.01.03.20016436,False,Jessica  Polka,results,stat,stat,,1,1+,+
62,10.1101/2020.01.03.20016436,False,Mate  Palfy,results,stat,stat,,1,1+,+
62,10.1101/2020.01.03.20016436,False,Dey   Gautam,results,added,added,,2,2,
62,10.1101/2020.01.03.20016436,False,Jessica  Polka,results,nounchange,nounchange,,1,1+,+
62,10.1101/2020.01.03.20016436,False,Mate  Palfy,results,added,added,,1,1+,+
62,10.1101/2020.01.03.20016436,False,Mate  Palfy,context,removed,removed,,1,1,
62,10.1101/2020.01.03.20016436,False,jonathon coates,results,stat,stat-,-,1,1,
62,10.1101/2020.01.03.20016436,False,Jessica  Polka,results,added,added,,1,1+,+
62,10.1101/2020.01.03.20016436,False,Mate  Palfy,results,effectreverse,effectreverse,,1,1,
62,10.1101/2020.01.03.20016436,False,jonathon coates,results,added,added,,1,1+,+
62,10.1101/2020.01.03.20016436,False,Jessica  Polka,conclusions,removed,removed,,1,1,
62,10.1101/2020.01.03.20016436,False,Jessica  Polka,conclusions,nounchange,nounchange,,1,1,
65,10.1101/2020.01.07.897496,False,Jessica  Polka,context,added,added,,1,1,
65,10.1101/2020.01.07.897496,False,Dey   Gautam,context,removed,removed,,1,1,
65,10.1101/2020.01.07.897496,False,Jessica  Polka,context,removed,removed,,1,1,
65,10.1101/2020.01.07.897496,False,Jessica  Polka,context,added,added,,1,1,
65,10.1101/2020.01.07.897496,False,Jessica  Polka,results,nounchange,nounchange,,1,1,
66,10.1101/2020.01.13.20016360,False,Mate  Palfy,conclusions,nounchange,nounchange,,1,1,
67,10.1101/2020.01.13.905190,False,Jessica  Polka,context,added,added,,1,1,
67,10.1101/2020.01.13.905190,False,Jessica  Polka,context,added,added,,1,1,
67,10.1101/2020.01.13.905190,False,Jessica  Polka,context,removed,removed,,1,1,
67,10.1101/2020.01.13.905190,False,Mate  Palfy,conclusions,nounchange,nounchange,,1,1,
67,10.1101/2020.01.13.905190,False,Jessica  Polka,conclusions,removed,removed,,1,1,
68,10.1101/2020.01.21.20018101,False,jonathon coates,conclusions,effect,effect+,+,1,1+,+
69,10.1101/2020.01.21.914929,True,Jessica  Polka,conclusions,removed,removed,,1,1-,-
70,10.1101/2020.01.22.914952,True,Jessica  Polka,context,added,added,,1,1,
70,10.1101/2020.01.22.914952,True,Jessica  Polka,context,effect,effect+,+,1,1,
70,10.1101/2020.01.22.914952,True,Jessica  Polka,context,added,added,,1,1,
70,10.1101/2020.01.22.914952,True,jonathon coates,context,effect,effect+,+,1,1+,+
70,10.1101/2020.01.22.914952,True,Jessica  Polka,context,effect,effect+,+,1,1,
70,10.1101/2020.01.22.914952,True,jonathon coates,context,effect,effect+,+,1,1+,+
70,10.1101/2020.01.22.914952,True,Mate  Palfy,results,effect,effect+,+,1,1,
70,10.1101/2020.01.22.914952,True,Jessica  Polka,results,nounchange,nounchange,,1,1,
70,10.1101/2020.01.22.914952,True,Jessica  Polka,conclusions,stat,stat-,-,1,1,
72,10.1101/2020.01.23.20017566,False,Jessica  Polka,context,removed,removed,,1,1,
72,10.1101/2020.01.23.20017566,False,Jessica  Polka,context,removed,removed,,1,1,
72,10.1101/2020.01.23.20017566,False,Jessica  Polka,context,removed,removed,,1,1,
72,10.1101/2020.01.23.20017566,False,Dey   Gautam,context,removed,removed,,1,1,
72,10.1101/2020.01.23.20017566,False,jonathon coates,context,removed,removed,,1,1,
72,10.1101/2020.01.23.20017566,False,jonathon coates,results,added,added,,1,1+,+
72,10.1101/2020.01.23.20017566,False,jonathon coates,results,stat,stat+,+,1,1+,+
72,10.1101/2020.01.23.20017566,False,jonathon coates,results,stat,stat+,+,1,1+,+
72,10.1101/2020.01.23.20017566,False,Mate  Palfy,results,added,added,,1,1+,+
72,10.1101/2020.01.23.20017566,False,Jessica  Polka,conclusions,added,added,,1,1+,+
73,10.1101/2020.01.23.916395,True,Jessica  Polka,context,effect,effect+,+,1,1,
73,10.1101/2020.01.23.916395,True,Jessica  Polka,conclusions,stat,stat-,-,1,1,
73,10.1101/2020.01.23.916395,True,Dey   Gautam,results,effect,effect-,-,1,1,
73,10.1101/2020.01.23.916395,True,Jessica  Polka,context,nounchange,nounchange,,1,1,
73,10.1101/2020.01.23.916395,True,Mate  Palfy,results,effect,effect-,-,1,1,
73,10.1101/2020.01.23.916395,True,Mate  Palfy,results,stat,stat+,+,1,1+,+
73,10.1101/2020.01.23.916395,True,Mate  Palfy,results,effect,effect-,-,1,1,
73,10.1101/2020.01.23.916395,True,Mate  Palfy,results,stat,stat+,+,1,1+,+
73,10.1101/2020.01.23.916395,True,Jessica  Polka,results,stat,stat+,+,1,1+,+
73,10.1101/2020.01.23.916395,True,Jessica  Polka,results,added,added,,1,1,
73,10.1101/2020.01.23.916395,True,Dey   Gautam,results,effect,effect-,-,1,1,
74,10.1101/2020.01.24.915157,True,Jessica  Polka,conclusions,stat,stat+,+,1,1,
75,10.1101/2020.01.24.919159,True,Mate  Palfy,context,effect,effect,,1,1+,+
75,10.1101/2020.01.24.919159,True,jonathon coates,context,effect,effect+,+,1,1+,+
75,10.1101/2020.01.24.919159,True,Jessica  Polka,context,nounchange,nounchange,,1,1,
75,10.1101/2020.01.24.919159,True,Jessica  Polka,context,nounchange,nounchange,,1,1,
75,10.1101/2020.01.24.919159,True,Mate  Palfy,context,nounchange,nounchange,,1,1,
75,10.1101/2020.01.24.919159,True,Jessica  Polka,context,nounchange,nounchange,,1,1,
75,10.1101/2020.01.24.919159,True,Dey   Gautam,results,effect,effect+,+,1,1,
75,10.1101/2020.01.24.919159,True,Dey   Gautam,results,stat,stat,,1,1,
75,10.1101/2020.01.24.919159,True,Jessica  Polka,results,effect,effect-,-,1,1-,-
75,10.1101/2020.01.24.919159,True,Jessica  Polka,results,stat,stat,,1,1+,+
76,10.1101/2020.01.26.20018754,True,Mate  Palfy,context,nounchange,nounchange,,1,1,
76,10.1101/2020.01.26.20018754,True,Jessica  Polka,context,removed,removed,,1,1,
76,10.1101/2020.01.26.20018754,True,Jessica  Polka,context,removed,removed,,1,1+,+
76,10.1101/2020.01.26.20018754,True,Jessica  Polka,context,stat,stat-,-,1,1,
76,10.1101/2020.01.26.20018754,True,jonathon coates,results,effect,effect+,+,1,1+,+
76,10.1101/2020.01.26.20018754,True,Jessica  Polka,results,nounchange,nounchange,,1,1,
76,10.1101/2020.01.26.20018754,True,Dey   Gautam,results,stat,stat,,1,1,
76,10.1101/2020.01.26.20018754,True,Jessica  Polka,results,nounchange,nounchange,,1,1,
76,10.1101/2020.01.26.20018754,True,Jessica  Polka,results,stat,stat-,-,1,1,
76,10.1101/2020.01.26.20018754,True,Jessica  Polka,results,stat,stat,,1,1+,+
76,10.1101/2020.01.26.20018754,True,Dey   Gautam,results,added,added,,2,2,
76,10.1101/2020.01.26.20018754,True,Jessica  Polka,conclusions,effect,effect+,+,2,2,
76,10.1101/2020.01.26.20018754,True,Mate  Palfy,results,effect,effect-,-,1,1,
76,10.1101/2020.01.26.20018754,True,jonathon coates,results,added,added,,1,1+,+
79,10.1101/2020.01.27.20018986,True,Jessica  Polka,context,nounchange,nounchange,,1,1,
79,10.1101/2020.01.27.20018986,True,Jessica  Polka,context,removed,removed,,1,1,
79,10.1101/2020.01.27.20018986,True,Dey   Gautam,context,effect,effect+,+,1,1,
79,10.1101/2020.01.27.20018986,True,Jessica  Polka,context,added,added,,1,1,
79,10.1101/2020.01.27.20018986,True,Mate  Palfy,results,effect,effect+,+,1,1,
79,10.1101/2020.01.27.20018986,True,Dey   Gautam,results,stat,stat,,1,1,
79,10.1101/2020.01.27.20018986,True,Jessica  Polka,results,effect,effect+,+,1,1,
79,10.1101/2020.01.27.20018986,True,Jessica  Polka,conclusions,stat,stat-,-,1,1,
80,10.1101/2020.01.28.923011,True,Jessica  Polka,context,effect,effect+,+,1,1,
80,10.1101/2020.01.28.923011,True,Jessica  Polka,context,effect,effect+,+,1,1,
80,10.1101/2020.01.28.923011,True,Mate  Palfy,conclusions,stat,stat-,-,1,1,
80,10.1101/2020.01.28.923011,True,Jessica  Polka,conclusions,stat,stat-,-,1,1,
80,10.1101/2020.01.28.923011,True,Mate  Palfy,conclusions,stat,stat-,-,1,1,
81,10.1101/2020.01.31.20019901,True,jonathon coates,context,effect,effect+,+,1,1+,+
81,10.1101/2020.01.31.20019901,True,Jessica  Polka,context,nounchange,nounchange,,1,1,
81,10.1101/2020.01.31.20019901,True,Jessica  Polka,context,stat,stat+,+,1,1,
81,10.1101/2020.01.31.20019901,True,Mate  Palfy,context,added,added,,1,1,
81,10.1101/2020.01.31.20019901,True,Jessica  Polka,context,added,added,,1,1,
81,10.1101/2020.01.31.20019901,True,Jessica  Polka,context,nounchange,nounchange,,1,1,
81,10.1101/2020.01.31.20019901,True,jonathon coates,results,nounchange,nounchange,,1,1,
81,10.1101/2020.01.31.20019901,True,Jessica  Polka,context,added,added,,1,1,
81,10.1101/2020.01.31.20019901,True,Jessica  Polka,context,added,added,,1,1,
81,10.1101/2020.01.31.20019901,True,Dey   Gautam,context,added,added,,1,1+,+
81,10.1101/2020.01.31.20019901,True,Jessica  Polka,results,nounchange,nounchange,,1,1,
81,10.1101/2020.01.31.20019901,True,Jessica  Polka,results,nounchange,nounchange,,2,2,
81,10.1101/2020.01.31.20019901,True,jonathon coates,results,removed,removed,,1,1,
81,10.1101/2020.01.31.20019901,True,jonathon coates,results,stat,stat+,+,1,1+,+
81,10.1101/2020.01.31.20019901,True,jonathon coates,results,stat,stat+,+,1,1+,+
81,10.1101/2020.01.31.20019901,True,jonathon coates,results,added,added,,1,1+,+
81,10.1101/2020.01.31.20019901,True,Dey   Gautam,context,added,added,,2,2,
81,10.1101/2020.01.31.20019901,True,Mate  Palfy,results,effect,effect-,-,1,1,
81,10.1101/2020.01.31.20019901,True,Jessica  Polka,results,removed,removed,,1,1,
81,10.1101/2020.01.31.20019901,True,Jessica  Polka,results,added,added,,1,1,
81,10.1101/2020.01.31.20019901,True,Jessica  Polka,results,removed,removed,,1,1,
81,10.1101/2020.01.31.20019901,True,Mate  Palfy,conclusions,nounchange,nounchange,,2,2,
81,10.1101/2020.01.31.20019901,True,Jessica  Polka,conclusions,nounchange,nounchange,,1,1,
81,10.1101/2020.01.31.20019901,True,Mate  Palfy,conclusions,nounchange,nounchange,,1,1,
82,10.1101/2020.01.31.928796,True,Jessica  Polka,context,removed,removed,,1,1,
82,10.1101/2020.01.31.928796,True,Jessica  Polka,conclusions,added,added,,1,1+,+
83,10.1101/2020.02.02.931162,True,jonathon coates,results,added,added,,1,1+,+
83,10.1101/2020.02.02.931162,True,Jessica  Polka,results,stat,stat+,+,1,1+,+
83,10.1101/2020.02.02.931162,True,Jessica  Polka,results,added,added,,1,1+,+
83,10.1101/2020.02.02.931162,True,Dey   Gautam,results,effect,effect+,+,1,1,
83,10.1101/2020.02.02.931162,True,Jessica  Polka,results,effect,effect+,+,1,1+,+
83,10.1101/2020.02.02.931162,True,Jessica  Polka,results,stat,stat+,+,1,1+,+
83,10.1101/2020.02.02.931162,True,Jessica  Polka,results,added,added,,1,1+,+
83,10.1101/2020.02.02.931162,True,Mate  Palfy,results,added,added,,1,1,
83,10.1101/2020.02.02.931162,True,Jessica  Polka,conclusions,stat,stat-,-,1,1-,-
83,10.1101/2020.02.02.931162,True,Jessica  Polka,context,added,added,,1,1+,+
84,10.1101/2020.02.03.933226,True,Dey   Gautam,context,added,added,,1,1+,+
84,10.1101/2020.02.03.933226,True,Jessica  Polka,results,stat,stat,,1,1,
84,10.1101/2020.02.03.933226,True,Jessica  Polka,results,nounchange,nounchange,,1,1,
86,10.1101/2020.02.06.20020974,True,Jessica  Polka,context,stat,stat+,+,1,1,
86,10.1101/2020.02.06.20020974,True,Jessica  Polka,context,nounchange,nounchange,,1,1,
86,10.1101/2020.02.06.20020974,True,Mate  Palfy,context,effect,effect-,-,1,1,
86,10.1101/2020.02.06.20020974,True,Jessica  Polka,context,added,added,,1,1,
86,10.1101/2020.02.06.20020974,True,Jessica  Polka,context,added,added,,1,1,
86,10.1101/2020.02.06.20020974,True,jonathon coates,context,added,added,,1,1+,+
86,10.1101/2020.02.06.20020974,True,jonathon coates,results,added,added,,1,1+,+
86,10.1101/2020.02.06.20020974,True,Mate  Palfy,results,effect,effect-,-,1,1,
86,10.1101/2020.02.06.20020974,True,Jessica  Polka,context,added,added,,1,1,
86,10.1101/2020.02.06.20020974,True,Jessica  Polka,results,effect,effect+,+,1,1,
86,10.1101/2020.02.06.20020974,True,TOBEADDED,results,added,added,,1,1+,+
86,10.1101/2020.02.06.20020974,True,Jessica  Polka,results,effect,effect+,+,1,1+,+
86,10.1101/2020.02.06.20020974,True,Jessica  Polka,results,effect,effect+,+,1,1+,+
86,10.1101/2020.02.06.20020974,True,Jessica  Polka,results,added,added,,1,1+,+
86,10.1101/2020.02.06.20020974,True,Mate  Palfy,results,effect,effect+,+,1,1,
86,10.1101/2020.02.06.20020974,True,Dey   Gautam,results,stat,stat,,1,1+,+
86,10.1101/2020.02.06.20020974,True,Mate  Palfy,results,nounchange,nounchange,,1,1,
86,10.1101/2020.02.06.20020974,True,jonathon coates,results,stat,stat-,-,1,1,
86,10.1101/2020.02.06.20020974,True,Jessica  Polka,results,effect,effect+,+,1,1+,+
86,10.1101/2020.02.06.20020974,True,jonathon coates,results,added,added,,1,1+,+
86,10.1101/2020.02.06.20020974,True,jonathon coates,results,effect,effect+,+,1,1+,+
86,10.1101/2020.02.06.20020974,True,Mate  Palfy,conclusions,added,added,,1,1,
86,10.1101/2020.02.06.20020974,True,Jessica  Polka,conclusions,added,added,,2,2,
86,10.1101/2020.02.06.20020974,True,jonathon coates,conclusions,added,added,,2,2,
86,10.1101/2020.02.06.20020974,True,Mate  Palfy,results,removed,removed,,2,2,
86,10.1101/2020.02.06.20020974,True,Jessica  Polka,conclusions,removed,removed,,2,2,
87,10.1101/2020.02.10.20021758,False,Jessica  Polka,context,added,added,,1,1,
88,10.1101/2020.02.11.20020735,True,Jessica  Polka,context,added,added,,1,1,
88,10.1101/2020.02.11.20020735,True,Jessica  Polka,context,added,added,,1,1,
88,10.1101/2020.02.11.20020735,True,Mate  Palfy,context,added,added,,2,2,
88,10.1101/2020.02.11.20020735,True,Mate  Palfy,context,added,added,,2,2,
88,10.1101/2020.02.11.20020735,True,Jessica  Polka,context,added,added,,1,1,
88,10.1101/2020.02.11.20020735,True,Jessica  Polka,results,removed,removed,,1,1,
88,10.1101/2020.02.11.20020735,True,Jessica  Polka,results,removed,removed,,1,1,
88,10.1101/2020.02.11.20020735,True,Jessica  Polka,results,removed,removed,,1,1,
88,10.1101/2020.02.11.20020735,True,Jessica  Polka,results,removed,removed,,1,1,
88,10.1101/2020.02.11.20020735,True,Jessica  Polka,conclusions,removed,removed,,1,1,
88,10.1101/2020.02.11.20020735,True,Jessica  Polka,context,added,added,,1,1+,+
88,10.1101/2020.02.11.20020735,True,Jessica  Polka,context,added,added,,1,1+,+
88,10.1101/2020.02.11.20020735,True,Mate  Palfy,results/context,added,added,,2,2,
88,10.1101/2020.02.11.20020735,True,Jessica  Polka,results,added,added,,1,1+,+
88,10.1101/2020.02.11.20020735,True,Mate  Palfy,results,effectreverse,effectreverse,,2,2,
88,10.1101/2020.02.11.20020735,True,Dey   Gautam,results,added,added,,2,2,
88,10.1101/2020.02.11.20020735,True,Mate  Palfy,results,added,added,,2,2,
88,10.1101/2020.02.11.20020735,True,Mate  Palfy,context,added,added,,2,2,
88,10.1101/2020.02.11.20020735,True,Jessica  Polka,results,added,added,,1,1+,+
88,10.1101/2020.02.11.20020735,True,Mate  Palfy,conclusions,added,added,,2,2,
88,10.1101/2020.02.11.20020735,True,Mate  Palfy,conclusions,added,added,,2,2,
88,10.1101/2020.02.11.20020735,True,Mate  Palfy,conclusions,added,added,,2,2,
88,10.1101/2020.02.11.20020735,True,Mate  Palfy,conclusions,added,added,,2,2,
88,10.1101/2020.02.11.20020735,True,Mate  Palfy,conclusions,added,added,,2,2,
89,10.1101/2020.02.11.20022186,True,Jessica  Polka,context,removed,removed,,1,1,
89,10.1101/2020.02.11.20022186,True,Jessica  Polka,context,added,added,,1,1+,+
89,10.1101/2020.02.11.20022186,True,Jessica  Polka,context,nounchange,nounchange,,1,1,
89,10.1101/2020.02.11.20022186,True,Jessica  Polka,context,nounchange,nounchange,,1,1,
89,10.1101/2020.02.11.20022186,True,Mate  Palfy,context,added,added,,1,1,
89,10.1101/2020.02.11.20022186,True,Mate  Palfy,context,removed,removed,,1,1,
89,10.1101/2020.02.11.20022186,True,Mate  Palfy,results,added,added,,1,1+,+
89,10.1101/2020.02.11.20022186,True,Mate  Palfy,results,added,added,,1,1+,+
89,10.1101/2020.02.11.20022186,True,Mate  Palfy,results,effect,effect+,+,1,1,
89,10.1101/2020.02.11.20022186,True,Jessica  Polka,results,effect,effect+,+,1,1+,+
89,10.1101/2020.02.11.20022186,True,Jessica  Polka,results,effect,effect-,-,1,1+,+
89,10.1101/2020.02.11.20022186,True,Jessica  Polka,results,stat,stat-,-,1,1,
89,10.1101/2020.02.11.20022186,True,Jessica  Polka,results,effect,effect+,+,1,1,
89,10.1101/2020.02.11.20022186,True,Mate  Palfy,results,effect,effect-,-,1,1,
89,10.1101/2020.02.11.20022186,True,jonathon coates,results,effect,effect-,-,1,1,
89,10.1101/2020.02.11.20022186,True,Mate  Palfy,results,nounchange,nounchange,,1,1,
89,10.1101/2020.02.11.20022186,True,Mate  Palfy,conclusions,added,added,,1,1,
89,10.1101/2020.02.11.20022186,True,Jessica  Polka,conclusions,added,added,,2,2,
89,10.1101/2020.02.11.20022186,True,Jessica  Polka,conclusions,added,added,,2,2,
90,10.1101/2020.02.11.944462,True,Jessica  Polka,context,stat,stat-,-,1,1,
90,10.1101/2020.02.11.944462,True,Jessica  Polka,results,stat,stat-,-,1,1,
90,10.1101/2020.02.11.944462,True,Mate  Palfy,results,stat,stat-,-,1,1,
91,10.1101/2020.02.13.20022806,True,Jessica  Polka,context,effect,effect+,+,1,1,
91,10.1101/2020.02.13.20022806,True,Jessica  Polka,context,effect,effect+,+,1,1,
91,10.1101/2020.02.13.20022806,True,Mate  Palfy,context,removed,removed,,1,1,
91,10.1101/2020.02.13.20022806,True,Mate  Palfy,context,added,added,,1,1+,+
91,10.1101/2020.02.13.20022806,True,jonathon coates,results,effect,effect-,-,1,1,
91,10.1101/2020.02.13.20022806,True,jonathon coates,results,effect,effect+,+,1,1+,+
91,10.1101/2020.02.13.20022806,True,jonathon coates,results,removed,removed,,1,1,
92,10.1101/2020.02.13.945485,True,Jessica  Polka,context,added,added,,1,1,
92,10.1101/2020.02.13.945485,True,Mate  Palfy,context,stat,stat-,-,1,1,
92,10.1101/2020.02.13.945485,True,Mate  Palfy,results,stat,stat-,-,1,1,
92,10.1101/2020.02.13.945485,True,Mate  Palfy,conclusions,nounchange,nounchange,,1,1,
94,10.1101/2020.02.15.20023374,False,Dey   Gautam,context,removed,removed,,1,1,
94,10.1101/2020.02.15.20023374,False,Jessica  Polka,context,removed,removed,,1,1-,-
94,10.1101/2020.02.15.20023374,False,Jessica  Polka,results,removed,removed,,1,1+,+
95,10.1101/2020.02.16.20023671,True,Jessica  Polka,results,added,added,,1,1+,+
95,10.1101/2020.02.16.20023671,True,Jessica  Polka,results,added,added,,1,1+,+
95,10.1101/2020.02.16.20023671,True,Jessica  Polka,results,added,added,,1,1+,+
95,10.1101/2020.02.16.20023671,True,Mate  Palfy,results,added,added,,1,1+,+
95,10.1101/2020.02.16.20023671,True,jonathon coates,results,stat,stat,,1,1+,+
95,10.1101/2020.02.16.20023671,True,Dey   Gautam,results,added,added,,1,1,
95,10.1101/2020.02.16.20023671,True,Jessica  Polka,conclusions,added,added,,2,2,
97,10.1101/2020.02.17.952903,True,Jessica  Polka,context,effect,effect+,+,1,1,
97,10.1101/2020.02.17.952903,True,Jessica  Polka,context,removed,removed,,1,1,
97,10.1101/2020.02.17.952903,True,Jessica  Polka,context,nounchange,nounchange,,1,1,
97,10.1101/2020.02.17.952903,True,Jessica  Polka,conclusions,stat,stat-,-,1,1+,+
97,10.1101/2020.02.17.952903,True,Jessica  Polka,context,removed,removed,,1,1,
97,10.1101/2020.02.17.952903,True,Jessica  Polka,results,stat,stat-,-,1,1,
97,10.1101/2020.02.17.952903,True,Jessica  Polka,results,stat,stat-,-,1,1-,-
97,10.1101/2020.02.17.952903,True,Mate  Palfy,results,nounchange,nounchange,,1,1,
97,10.1101/2020.02.17.952903,True,Jessica  Polka,results,stat,stat+,+,1,1,
97,10.1101/2020.02.17.952903,True,Jessica  Polka,results,stat,stat-,-,1,1,
97,10.1101/2020.02.17.952903,True,Jessica  Polka,results,stat,stat+,+,1,1+,+
97,10.1101/2020.02.17.952903,True,Mate  Palfy,conclusions,effect,effect+,+,1,1,
97,10.1101/2020.02.17.952903,True,Jessica  Polka,context,stat,stat+,+,1,1,
97,10.1101/2020.02.17.952903,True,Jessica  Polka,context,removed,removed,,1,1,
97,10.1101/2020.02.17.952903,True,Jessica  Polka,results,stat,stat-,-,1,1,
97,10.1101/2020.02.17.952903,True,Jessica  Polka,results,effect,effect-,-,1,1,
97,10.1101/2020.02.17.952903,True,Mate  Palfy,results,removed,removed,,1,1,
97,10.1101/2020.02.17.952903,True,Jessica  Polka,conclusions,stat,stat-,-,1,1-,-
98,10.1101/2020.02.19.20025452,True,Jessica  Polka,results,stat,stat-,-,1,1-,-
98,10.1101/2020.02.19.20025452,True,Mate  Palfy,results,removed,removed,,1,1,
98,10.1101/2020.02.19.20025452,True,jonathon coates,results,stat,stat+,+,1,1+,+
99,10.1101/2020.02.19.956581,True,Jessica  Polka,context,effect,effect+,+,1,1,
99,10.1101/2020.02.19.956581,True,Jessica  Polka,context,effect,effect+,+,1,1,
99,10.1101/2020.02.19.956581,True,Jessica  Polka,context,removed,removed,,1,1,
99,10.1101/2020.02.19.956581,True,Mate  Palfy,context,removed,removed,,1,1,
99,10.1101/2020.02.19.956581,True,Mate  Palfy,results,removed,removed,,2,2,
100,10.1101/2020.02.20.20025619,True,Jessica  Polka,results,nounchange,nounchange,,1,1-,-
101,10.1101/2020.02.20.20025866,True,Mate  Palfy,context,added,added,,1,1,
101,10.1101/2020.02.20.20025866,True,Mate  Palfy,context,added,added,,1,1,
101,10.1101/2020.02.20.20025866,True,jonathon coates,results,effect,effect-,-,1,1,
101,10.1101/2020.02.20.20025866,True,jonathon coates,results,stat,stat,,1,1+,+
102,10.1101/2020.02.21.20026187,True,Jessica  Polka,context,added,added,,1,1,
102,10.1101/2020.02.21.20026187,True,jonathon coates,context,removed,removed,,1,1+,+
102,10.1101/2020.02.21.20026187,True,Dey   Gautam,context,added,added,,1,1,
104,10.1101/2020.02.23.20026856,True,jonathon coates,context,added,added,,1,1+,+
104,10.1101/2020.02.23.20026856,True,jonathon coates,context,added,added,,1,1+,+
104,10.1101/2020.02.23.20026856,True,Dey   Gautam,results,nounchange,nounchange,,1,1,
104,10.1101/2020.02.23.20026856,True,jonathon coates,results,removed,removed,,1,1,
104,10.1101/2020.02.23.20026856,True,Mate  Palfy,conclusions,nounchange,nounchange,,1,1,
104,10.1101/2020.02.23.20026856,True,jonathon coates,conclusions,removed,removed,,1,1+,+
105,10.1101/2020.02.24.20027649,True,Dey   Gautam,results,added,added,,1,1+,+
105,10.1101/2020.02.24.20027649,True,Mate  Palfy,results,removed,removed,,1,1,
105,10.1101/2020.02.24.20027649,True,jonathon coates,results,added,added,,1,1+,+
105,10.1101/2020.02.24.20027649,True,Mate  Palfy,results,added,added,,1,1+,+
105,10.1101/2020.02.24.20027649,True,Dey   Gautam,conclusions,nounchange,nounchange,,1,1,
106,10.1101/2020.02.26.20026971,True,Mate  Palfy,context,removed,removed,,1,1,
106,10.1101/2020.02.26.20026971,True,jonathon coates,results,stat,stat,,1,1,
106,10.1101/2020.02.26.20026971,True,Jessica  Polka,results,nounchange,nounchange,,1,1,
106,10.1101/2020.02.26.20026971,True,jonathon coates,results,stat,stat,,1,1,
106,10.1101/2020.02.26.20026971,True,jonathon coates,results,removed,removed,,1,1,
106,10.1101/2020.02.26.20026971,True,jonathon coates,results,effect,effect-,-,1,1,
106,10.1101/2020.02.26.20026971,True,jonathon coates,results,effect,effect-,-,1,1,
106,10.1101/2020.02.26.20026971,True,Mate  Palfy,results,added,added,,1,1,
106,10.1101/2020.02.26.20026971,True,Dey   Gautam,results,stat,stat-,-,1,1,
106,10.1101/2020.02.26.20026971,True,jonathon coates,results,stat,stat,,1,1+,+
106,10.1101/2020.02.26.20026971,True,Mate  Palfy,results,stat,stat,,1,1+,+
106,10.1101/2020.02.26.20026971,True,Jessica  Polka,results,added,added,,1,1+,+
106,10.1101/2020.02.26.20026971,True,Jessica  Polka,results,stat,stat,,1,1+,+
106,10.1101/2020.02.26.20026971,True,Jessica  Polka,conclusions,added,added,,1,1+,+
106,10.1101/2020.02.26.20026971,True,Jessica  Polka,conclusions,added,added,,1,1+,+
106,10.1101/2020.02.26.20026971,True,Jessica  Polka,conclusions,added,added,,1,1+,+
106,10.1101/2020.02.26.20026971,True,Dey   Gautam,conclusions,nounchange,nounchange,,1,1,
107,10.1101/2020.02.26.20028308,True,jonathon coates,context,added,added,,1,1+,+
107,10.1101/2020.02.26.20028308,True,Jessica  Polka,context,added,added,,1,1,
108,10.1101/2020.02.26.964882,True,jonathon coates,results,effect,effect-,-,1,1,
108,10.1101/2020.02.26.964882,True,Jessica  Polka,results,effect,effect-,-,1,1,
108,10.1101/2020.02.26.964882,True,Mate  Palfy,results,effect,effect-,-,1,1,
108,10.1101/2020.02.26.964882,True,Jessica  Polka,results,stat,stat-,-,1,1,
108,10.1101/2020.02.26.964882,True,Jessica  Polka,conclusions,stat,stat-,-,1,1,
109,10.1101/2020.02.27.20028639,True,Dey   Gautam,context,added,added,,1,1,
109,10.1101/2020.02.27.20028639,True,Jessica  Polka,results,effect,effect-,-,1,1,
109,10.1101/2020.02.27.20028639,True,Dey   Gautam,context,added,added,,1,1+,+
109,10.1101/2020.02.27.20028639,True,Jessica  Polka,results,effect,effect+,+,1,1+,+
109,10.1101/2020.02.27.20028639,True,Dey   Gautam,conclusions,effect,effect-,-,1,1,
109,10.1101/2020.02.27.20028639,True,jonathon coates,results,added,added,,1,1,
109,10.1101/2020.02.27.20028639,True,Jessica  Polka,context,added,added,,1,1,
110,10.1101/2020.02.27.20028829,True,jonathon coates,context,effect,effect+,+,1,1+,+
110,10.1101/2020.02.27.20028829,True,jonathon coates,context,effect,effect+,+,1,1+,+
110,10.1101/2020.02.27.20028829,True,Jessica  Polka,results,added,added,,1,1+,+
110,10.1101/2020.02.27.20028829,True,Mate  Palfy,results,added,added,,1,1+,+
110,10.1101/2020.02.27.20028829,True,Mate  Palfy,results,added,added,,1,1+,+
110,10.1101/2020.02.27.20028829,True,Dey   Gautam,results,added,added,,2,2,
110,10.1101/2020.02.27.20028829,True,Dey   Gautam,conclusions,added,added,,1,1,
110,10.1101/2020.02.27.20028829,True,Jessica  Polka,results,added,added,,2,2+,+
110,10.1101/2020.02.27.20028829,True,Jessica  Polka,results,added,added,,1,1+,+
111,10.1101/2020.02.27.967760,True,jonathon coates,context,effect,effect+,+,1,1+,+
111,10.1101/2020.02.27.967760,True,Mate  Palfy,conclusions,added,added,,2,2,
111,10.1101/2020.02.27.967760,True,Jessica  Polka,conclusions,stat,stat-,-,1,1,
112,10.1101/2020.02.29.20029322,True,Dey   Gautam,context,added,added,,1,1,
112,10.1101/2020.02.29.20029322,True,Mate  Palfy,results,removed,removed,,2,2,
112,10.1101/2020.02.29.20029322,True,Mate  Palfy,results,removed,removed,,1,1,
112,10.1101/2020.02.29.20029322,True,jonathon coates,results,stat,stat,,1,1,
112,10.1101/2020.02.29.20029322,True,jonathon coates,results,stat,stat,,1,1,
112,10.1101/2020.02.29.20029322,True,Jessica  Polka,results,removed,removed,,1,1,
113,10.1101/2020.02.29.20029462,True,Dey   Gautam,context,added,added,,1,1,
113,10.1101/2020.02.29.20029462,True,Mate  Palfy,results,removed,removed,,1,1,
113,10.1101/2020.02.29.20029462,True,Jessica  Polka,context,removed,removed,,1,1,
113,10.1101/2020.02.29.20029462,True,Jessica  Polka,results,stat,stat+,+,1,1-,-
113,10.1101/2020.02.29.20029462,True,Mate  Palfy,results,removed,removed,,1,1,
113,10.1101/2020.02.29.20029462,True,Dey   Gautam,conclusions,added,added,,1,1,
114,10.1101/2020.02.29.965418,True,Mate  Palfy,results,added,added,,1,1+,+
114,10.1101/2020.02.29.965418,True,jonathon coates,results,added,added,,1,1+,+
116,10.1101/2020.03.02.20030189,True,Jessica  Polka,results,stat,stat-,-,1,1-,-
119,10.1101/2020.03.05.20031773,True,Jessica  Polka,results,effect,effect+,+,1,1,
119,10.1101/2020.03.05.20031773,True,Jessica  Polka,results,effect,effect-,-,1,1,
119,10.1101/2020.03.05.20031773,True,jonathon coates,results,stat,stat-,-,1,1,
119,10.1101/2020.03.05.20031773,True,Jessica  Polka,conclusions,effect,effect+,+,1,1,
119,10.1101/2020.03.05.20031773,True,Mate  Palfy,results,effect,effect+,+,1,1,
120,10.1101/2020.03.06.20032193,False,jonathon coates,conclusions,added,added,,1,1,
121,10.1101/2020.03.06.977876,True,Dey   Gautam,context,added,added,,1,1,
121,10.1101/2020.03.06.977876,True,jonathon coates,results,removed,removed,,1,1,
122,10.1101/2020.03.07.20031575,True,Jessica  Polka,context,stat,stat-,-,1,1,
122,10.1101/2020.03.07.20031575,True,Jessica  Polka,context,added,added,,1,1,
122,10.1101/2020.03.07.20031575,True,Dey   Gautam,context,added,added,,1,1,
122,10.1101/2020.03.07.20031575,True,Jessica  Polka,results,nounchange,nounchange,,1,1+,+
122,10.1101/2020.03.07.20031575,True,jonathon coates,results,stat,stat,,1,1+,+
122,10.1101/2020.03.07.20031575,True,jonathon coates,results,stat,stat,,1,1+,+
122,10.1101/2020.03.07.20031575,True,jonathon coates,results,added,added,,1,1+,+
122,10.1101/2020.03.07.20031575,True,Jessica  Polka,conclusions,stat,stat-,-,1,1,
123,10.1101/2020.03.08.20032946,True,Jessica  Polka,results,added,added,,1,1+,+
123,10.1101/2020.03.08.20032946,True,Mate  Palfy,results,added,added,,1,1+,+
123,10.1101/2020.03.08.20032946,True,Jessica  Polka,context,added,added,,1,1+,+
123,10.1101/2020.03.08.20032946,True,Mate  Palfy,results,added,added,,1,1+,+
123,10.1101/2020.03.08.20032946,True,Jessica  Polka,results,added,added,,1,1+,+
123,10.1101/2020.03.08.20032946,True,Jessica  Polka,results,stat,stat-,-,1,1,
123,10.1101/2020.03.08.20032946,True,Mate  Palfy,conclusions,added,added,,2,2,
123,10.1101/2020.03.08.20032946,True,Jessica  Polka,context,added,added,,1,1+,+
123,10.1101/2020.03.08.20032946,True,jonathon coates,results,added,added,,1,1+,+
123,10.1101/2020.03.08.20032946,True,Jessica  Polka,results,added,added,,1,1+,+
123,10.1101/2020.03.08.20032946,True,Jessica  Polka,conclusions,added,added,,2,2,
123,10.1101/2020.03.08.20032946,True,Jessica  Polka,conclusions,stat,stat-,-,1,1,
123,10.1101/2020.03.08.20032946,True,Jessica  Polka,results,added,added,,1,1+,+
123,10.1101/2020.03.08.20032946,True,Jessica  Polka,conclusions,added,added,,2,2,
123,10.1101/2020.03.08.20032946,True,jonathon coates,conclusions,added,added,,2,2,
124,10.1101/2020.03.09.983064,True,jonathon coates,context,effect,effect,,1,1+,+
124,10.1101/2020.03.09.983064,True,Jessica  Polka,conclusions,stat,stat+,+,1,1+,+
125,10.1101/2020.03.09.983247,True,Jessica  Polka,conclusions,stat,stat+,+,1,1+,+
125,10.1101/2020.03.09.983247,True,Dey   Gautam,results,effect,effect+,+,1,1,
126,10.1101/2020.03.09.984856,True,jonathon coates,conclusions,removed,removed,,2,2,
127,10.1101/2020.03.10.20033605,True,Dey   Gautam,results,effect,effect+,+,1,1,
129,10.1101/2020.03.13.20034496,True,Jessica  Polka,context,removed,removed,,1,1,
129,10.1101/2020.03.13.20034496,True,Jessica  Polka,conclusions,removed,removed,,1,1,
129,10.1101/2020.03.13.20034496,True,jonathon coates,context,removed,removed,,1,1,
129,10.1101/2020.03.13.20034496,True,jonathon coates,results,added,added,,1,1+,+
130,10.1101/2020.03.13.20035410,True,Jessica  Polka,results,effect,effect-,-,1,1-,-
130,10.1101/2020.03.13.20035410,True,Dey   Gautam,results,removed,removed,,1,1,
130,10.1101/2020.03.13.20035410,True,Jessica  Polka,results,added,added,,1,1+,+
130,10.1101/2020.03.13.20035410,True,Jessica  Polka,results,added,added,,1,1+,+
130,10.1101/2020.03.13.20035410,True,Jessica  Polka,conclusions,removed,removed,,1,1-,-
131,10.1101/2020.03.13.20035428,True,jonathon coates,results,stat,stat,,1,1+,+
132,10.1101/2020.03.13.20035485,True,Jessica  Polka,results,removed,removed,,1,1,
132,10.1101/2020.03.13.20035485,True,Jessica  Polka,results,removed,removed,,1,1,
132,10.1101/2020.03.13.20035485,True,Jessica  Polka,results,stat,stat+,+,1,1+,+
132,10.1101/2020.03.13.20035485,True,jonathon coates,results,effect,effect-,-,1,1,
132,10.1101/2020.03.13.20035485,True,Jessica  Polka,conclusions,removed,removed,,2,2,
132,10.1101/2020.03.13.20035485,True,Dey   Gautam,results,removed,removed,,2,2,
132,10.1101/2020.03.13.20035485,True,jonathon coates,conclusions,added,added,,1,1+,+
132,10.1101/2020.03.13.20035485,True,Jessica  Polka,results,removed,removed,,1,1-,-
132,10.1101/2020.03.13.20035485,True,Dey   Gautam,conclusions,added,added,,2,2,
133,10.1101/2020.03.13.20035568,True,jonathon coates,context,added,added,,1,1+,+
133,10.1101/2020.03.13.20035568,True,Jessica  Polka,results,stat,stat-,-,1,1,
133,10.1101/2020.03.13.20035568,True,jonathon coates,results,added,added,,1,1+,+
133,10.1101/2020.03.13.20035568,True,jonathon coates,results,added,added,,1,1+,+
133,10.1101/2020.03.13.20035568,True,jonathon coates,results,stat,stat+,+,1,1+,+
133,10.1101/2020.03.13.20035568,True,Dey   Gautam,results,removed,removed,,1,1,
133,10.1101/2020.03.13.20035568,True,Jessica  Polka,results,added,added,,1,1+,+
133,10.1101/2020.03.13.20035568,True,jonathon coates,results,stat,stat-,-,1,1,
133,10.1101/2020.03.13.20035568,True,Jessica  Polka,results,added,added,,1,1+,+
133,10.1101/2020.03.13.20035568,True,jonathon coates,results,removed,removed,,1,1,
133,10.1101/2020.03.13.20035568,True,jonathon coates,results,stat,stat+,+,1,1+,+
133,10.1101/2020.03.13.20035568,True,Jessica  Polka,results,stat,stat-,-,1,1,
133,10.1101/2020.03.13.20035568,True,Jessica  Polka,conclusions,stat,stat+,+,1,1+,+
134,10.1101/2020.03.13.991570,True,jonathon coates,context,effect,effect+,+,1,1+,+
134,10.1101/2020.03.13.991570,True,Jessica  Polka,results,nounchange,nounchange,,1,1+,+
134,10.1101/2020.03.13.991570,True,Jessica  Polka,results,added,added,,1,1+,+
134,10.1101/2020.03.13.991570,True,Jessica  Polka,results,stat,stat,,1,1+,+
134,10.1101/2020.03.13.991570,True,Jessica  Polka,results,added,added,,1,1+,+
134,10.1101/2020.03.13.991570,True,Mate  Palfy,results,added,added,,1,1+,+
135,10.1101/2020.03.14.20036202,True,Jessica  Polka,results,removed,removed,,1,1,
137,10.1101/2020.03.15.20036293,True,jonathon coates,conclusions,added,added,,1,1+,+
138,10.1101/2020.03.15.20036350,True,Dey   Gautam,results,stat,stat,,1,1,
139,10.1101/2020.03.15.20036368,True,Dey   Gautam,context,effect,effect-,-,1,1,
139,10.1101/2020.03.15.20036368,True,jonathon coates,results,effect,effect+,+,1,1+,+
139,10.1101/2020.03.15.20036368,True,Mate  Palfy,results,removed,removed,,1,1,
139,10.1101/2020.03.15.20036368,True,Dey   Gautam,conclusions,effect,effect-,-,1,1,
140,10.1101/2020.03.15.20036707,True,Dey   Gautam,results,stat,stat,,1,1,
140,10.1101/2020.03.15.20036707,True,Dey   Gautam,context,added,added,,1,1,
143,10.1101/2020.03.16.20035014,True,Jessica  Polka,conclusions,stat,stat-,-,1,1,
144,10.1101/2020.03.16.20037135,True,jonathon coates,results,added,added,,1,1+,+
144,10.1101/2020.03.16.20037135,True,Jessica  Polka,conclusions,stat,stat-,-,1,1,
147,10.1101/2020.03.18.20038059,True,jonathon coates,results,added,added,,1,1+,+
148,10.1101/2020.03.19.20038950,True,Dey   Gautam,context,effect,effect-,-,1,1,
148,10.1101/2020.03.19.20038950,True,Dey   Gautam,results,added,added,,2,2,
148,10.1101/2020.03.19.20038950,True,Dey   Gautam,results,effect,effect+,+,2,2,
148,10.1101/2020.03.19.20038950,True,Dey   Gautam,results,effect,effect+,+,2,2,
149,10.1101/2020.03.21.001933,True,Dey   Gautam,context,effect,effect+,+,1,1,
150,10.1101/2020.03.22.20040600,True,Dey   Gautam,context,added,added,,1,1,
151,10.1101/2020.03.24.20041020,True,Dey   Gautam,context,effect,effect+,+,1,1,
151,10.1101/2020.03.24.20041020,True,jonathon coates,results,effect,effect+,+,1,1+,+
151,10.1101/2020.03.24.20041020,True,jonathon coates,results,effect,effect+,+,1,1+,+
151,10.1101/2020.03.24.20041020,True,Jessica  Polka,results,stat,stat+,+,1,1+,+
151,10.1101/2020.03.24.20041020,True,Jessica  Polka,results,effect,effect+,+,1,1+,+
151,10.1101/2020.03.24.20041020,True,Jessica  Polka,results,effect,effect+,+,1,1+,+
151,10.1101/2020.03.24.20041020,True,Jessica  Polka,results,nounchange,nounchange,,1,1+,+
151,10.1101/2020.03.24.20041020,True,Mate  Palfy,results,added,added,,1,1+,+
151,10.1101/2020.03.24.20041020,True,Mate  Palfy,results,added,added,,1,1+,+
151,10.1101/2020.03.24.20041020,True,Jessica  Polka,results,removed,removed,,1,1,
151,10.1101/2020.03.24.20041020,True,Mate  Palfy,results,removed,removed,,1,1,
151,10.1101/2020.03.24.20041020,True,Jessica  Polka,results,removed,removed,,1,1,
151,10.1101/2020.03.24.20041020,True,Mate  Palfy,results,removed,removed,,1,1,
151,10.1101/2020.03.24.20041020,True,Mate  Palfy,results,added,added,,1,1,
151,10.1101/2020.03.24.20041020,True,Mate  Palfy,results,added,added,,1,1,
151,10.1101/2020.03.24.20041020,True,Jessica  Polka,results,added,added,,1,1+,+
151,10.1101/2020.03.24.20041020,True,jonathon coates,results,effect,effect-,-,1,1,
151,10.1101/2020.03.24.20041020,True,Jessica  Polka,results,stat,stat-,-,1,1,
151,10.1101/2020.03.24.20041020,True,jonathon coates,conclusions,removed,removed,,1,1,
151,10.1101/2020.03.24.20041020,True,Dey   Gautam,conclusions,added,added,,2,2,
151,10.1101/2020.03.24.20041020,True,jonathon coates,conclusions,added,added,,2,2,
155,10.1101/2020.03.29.20043547,True,jonathon coates,context,added,added,,1,1+,+
155,10.1101/2020.03.29.20043547,True,Jessica  Polka,context,nounchange,nounchange,,1,1,
155,10.1101/2020.03.29.20043547,True,Dey   Gautam,context,added,added,,1,1,
155,10.1101/2020.03.29.20043547,True,jonathon coates,results,stat,stat,,1,1+,+
155,10.1101/2020.03.29.20043547,True,jonathon coates,results,stat,stat,,1,1+,+
155,10.1101/2020.03.29.20043547,True,jonathon coates,results,stat,stat,,1,1+,+
155,10.1101/2020.03.29.20043547,True,Jessica  Polka,conclusions,added,added,,1,1+,+
160,10.1101/2020.04.02.20051128,True,Dey   Gautam,context,added,added,,1,1,
160,10.1101/2020.04.02.20051128,True,Jessica  Polka,context,added,added,,1,1+,+
160,10.1101/2020.04.02.20051128,True,Mate  Palfy,conclusions,stat,stat-,-,1,1,
161,10.1101/2020.04.03.20050195,True,Jessica  Polka,context,removed,removed,,1,1,
161,10.1101/2020.04.03.20050195,True,Mate  Palfy,context,removed,removed,,1,1,
161,10.1101/2020.04.03.20050195,True,Mate  Palfy,context,removed,removed,,1,1-,-
161,10.1101/2020.04.03.20050195,True,Dey   Gautam,results,effect,effect+,+,1,1,
161,10.1101/2020.04.03.20050195,True,jonathon coates,results,effect,effect+,+,1,1+,+
161,10.1101/2020.04.03.20050195,True,Jessica  Polka,conclusions,stat,stat+,+,1,1+,+
162,10.1101/755652,False,Jessica  Polka,context,added,added,,1,1+,+
164,10.1101/768648,False,jonathon coates,context,added,added,,1,1+,+
164,10.1101/768648,False,Jessica  Polka,conclusions,removed,removed,,1,1,
164,10.1101/768648,False,Jessica  Polka,conclusions,removed,removed,,1,1,
165,10.1101/773812,False,Jessica  Polka,context,added,added,,1,1+,+
165,10.1101/773812,False,Mate  Palfy,context,added,added,,1,1+,+
165,10.1101/773812,False,Jessica  Polka,results,added,added,,1,1+,+
165,10.1101/773812,False,jonathon coates,results,removed,removed,,1,1,
165,10.1101/773812,False,Mate  Palfy,results,nounchange,nounchange,,1,1+,+
165,10.1101/773812,False,Dey   Gautam,results,added,added,,1,1,
165,10.1101/773812,False,Jessica  Polka,conclusions,removed,removed,,1,1,
165,10.1101/773812,False,Jessica  Polka,conclusions,removed,removed,,2,2,
165,10.1101/773812,False,Jessica  Polka,conclusions,removed,removed,,2,2,
167,10.1101/782359,False,Jessica  Polka,results,nounchange,nounchange,,1,1-,-
168,10.1101/782839,False,Dey   Gautam,context,added,added,,1,1,
168,10.1101/782839,False,Jessica  Polka,context,added,added,,1,1,
168,10.1101/782839,False,Mate  Palfy,context,added,added,,1,1+,+
169,10.1101/785691,False,Dey   Gautam,context,nounchange,nounchange,,1,1,
169,10.1101/785691,False,Mate  Palfy,results,removed,removed,,1,1,
169,10.1101/785691,False,Mate  Palfy,results,added,added,,1,1+,+
169,10.1101/785691,False,Mate  Palfy,results,added,added,,1,1+,+
169,10.1101/785691,False,Dey   Gautam,results,effect,effect+,+,2,2,
169,10.1101/785691,False,Dey   Gautam,results,added,added,,2,2,
170,10.1101/791269,False,Mate  Palfy,conclusions,added,added,,1,1+,+
172,10.1101/797183,False,jonathon coates,results,stat,stat-,-,1,1,
172,10.1101/797183,False,Mate  Palfy,conclusions,removed,removed,,1,1,
172,10.1101/797183,False,Jessica  Polka,conclusions,removed,removed,,1,1,
172,10.1101/797183,False,Dey   Gautam,conclusions,effect,effect-,-,1,1,
174,10.1101/815662,False,Jessica  Polka,context,removed,removed,,1,1,
174,10.1101/815662,False,Jessica  Polka,context,added,added,,1,1+,+
174,10.1101/815662,False,Jessica  Polka,results,nounchange,nounchange,,1,1+,+
174,10.1101/815662,False,Mate  Palfy,results,removed,removed,,1,1,
174,10.1101/815662,False,Jessica  Polka,results,stat,stat-,-,1,1-,-
174,10.1101/815662,False,Dey   Gautam,conclusions,added,added,,1,1,
175,10.1101/819037,False,Jessica  Polka,context,added,added,,1,1+,+
175,10.1101/819037,False,jonathon coates,results,effect,effect-,-,1,1,
175,10.1101/819037,False,Mate  Palfy,results,added,added,,1,1+,+
178,10.1101/838870,False,Jessica  Polka,results,added,added,,1,1+,+
178,10.1101/838870,False,Jessica  Polka,results,added,added,,1,1+,+
178,10.1101/838870,False,Dey   Gautam,results,nounchange,nounchange,,1,1,
178,10.1101/838870,False,Jessica  Polka,context,removed,removed,,1,1,
181,10.1101/859892,False,Dey   Gautam,context,effect,effect-,-,1,1,
181,10.1101/859892,False,Jessica  Polka,conclusions,removed,removed,,2,2,
181,10.1101/859892,False,Dey   Gautam,context,added,added,,1,1,
181,10.1101/859892,False,Mate  Palfy,results,stat,stat,,1,1+,+
181,10.1101/859892,False,Mate  Palfy,results,stat,stat,,1,1+,+
181,10.1101/859892,False,Mate  Palfy,results,stat,stat,,1,1+,+
181,10.1101/859892,False,Mate  Palfy,results,added,added,,1,1+,+
181,10.1101/859892,False,Jessica  Polka,results,removed,removed,,3,3,
181,10.1101/859892,False,Jessica  Polka,results,added,added,,3,3,
181,10.1101/859892,False,Mate  Palfy,conclusions,removed,removed,,1,1,
184,10.1101/869313,False,Dey   Gautam,context,nounchange,nounchange,,1,1,
