page_id, doi,annotator,section,label,score
1,10.1101/19005710,Dey   Gautam,conclusions,nounchange,1
1,10.1101/19005710,Jessica  Polka,context,nounchange,1
1,10.1101/19005710,Mate  Palfy,context,nounchange,1
1,10.1101/19005710,jonathon coates,context,effect,-1
1,10.1101/19005710,Jessica  Polka,conclusions,stat,-1
1,10.1101/19005710,Mate  Palfy,conclusions,stat,-1
1,10.1101/19005710,jonathon coates,conclusions,effect,-1
2,10.1101/19006031,Jessica  Polka,context,added,1
2,10.1101/19006031,jonathon coates,context,added,1
2,10.1101/19006031,jonathon coates,results,removed,1
2,10.1101/19006031,Mate  Palfy,results,added,1
2,10.1101/19006031,jonathon coates,results,stat,-1
2,10.1101/19006031,Jessica  Polka,results,stat,-1
2,10.1101/19006031,Mate  Palfy,results,removed,1
2,10.1101/19006031,Jessica  Polka,results,nounchange,1
2,10.1101/19006031,jonathon coates,results,stat,1
2,10.1101/19006031,Jessica  Polka,results,stat,1
2,10.1101/19006031,Mate  Palfy,results,stat,-1
2,10.1101/19006031,Mate  Palfy,results,removed,1
2,10.1101/19006031,Mate  Palfy,conclusions,stat,1
2,10.1101/19006031,jonathon coates,conclusions,added,1
2,10.1101/19006031,Jessica  Polka,conclusions,stat,1
2,10.1101/19006031,jonathon coates,conclusions,added,1
2,10.1101/19006031,Mate  Palfy,conclusions,effect,-1
2,10.1101/19006031,Mate  Palfy,conclusions,effect,1
2,10.1101/19006031,Jessica  Polka,conclusions,effect,-1
2,10.1101/19006031,Jessica  Polka,conclusions,effect,1
3,10.1101/19006171,Jessica  Polka,context,added,1
3,10.1101/19006171,Jessica  Polka,context,nounchange,1
3,10.1101/19006171,jonathon coates,context,removed,1
3,10.1101/19006171,Jessica  Polka,conclusions,stat,-1
3,10.1101/19006171,Jessica  Polka,context,removed,1
3,10.1101/19006171,jonathon coates,context,added,1
3,10.1101/19006171,Dey   Gautam,results,stat,1
3,10.1101/19006171,Jessica  Polka,context,added,1
3,10.1101/19006171,Dey   Gautam,results,removed,2
3,10.1101/19006171,Jessica  Polka,results,removed,1
3,10.1101/19006171,jonathon coates,results,removed,1
3,10.1101/19006171,Mate  Palfy,results,removed,1
4,10.1101/19006478,Dey   Gautam,context,added,1
4,10.1101/19006478,Jessica  Polka,results,removed,1
4,10.1101/19006478,jonathon coates,results,removed,1
4,10.1101/19006478,Mate  Palfy,results,removed,1
4,10.1101/19006478,Mate  Palfy,conclusions,added,1
4,10.1101/19006478,Dey   Gautam,context,added,1
4,10.1101/19006478,jonathon coates,results,removed,1
4,10.1101/19006478,Dey   Gautam,results,added,1
4,10.1101/19006478,jonathon coates,results,added,1
4,10.1101/19006478,Mate  Palfy,results,added,1
4,10.1101/19006478,jonathon coates,results,stat,1
4,10.1101/19006478,Jessica  Polka,results,stat,1
4,10.1101/19006478,Dey   Gautam,conclusions,added,1
4,10.1101/19006478,Jessica  Polka,conclusions,added,1
4,10.1101/19006478,jonathon coates,conclusions,added,1
7,10.1101/19006635,Jessica  Polka,context,removed,1
7,10.1101/19006635,Jessica  Polka,context,removed,1
7,10.1101/19006635,Jessica  Polka,context,nounchange,1
7,10.1101/19006635,Jessica  Polka,context,stat,-1
7,10.1101/19006635,Jessica  Polka,context,removed,1
7,10.1101/19006635,Jessica  Polka,results,effect,1
7,10.1101/19006635,Dey   Gautam,results,stat,1
7,10.1101/19006635,Dey   Gautam,results,stat,1
7,10.1101/19006635,Jessica  Polka,results,effect,1
7,10.1101/19006635,jonathon coates,results,stat,1
7,10.1101/19006635,Dey   Gautam,results,stat,1
7,10.1101/19006635,Dey   Gautam,results,stat,1
7,10.1101/19006635,Jessica  Polka,results,stat,1
7,10.1101/19006635,Mate  Palfy,results,effect,-1
7,10.1101/19006635,jonathon coates,results,stat,-1
7,10.1101/19006635,jonathon coates,results,stat,-1
7,10.1101/19006635,Mate  Palfy,results,effect,1
7,10.1101/19006635,Jessica  Polka,results,stat,1
7,10.1101/19006635,Dey   Gautam,results,stat,1
7,10.1101/19006635,Jessica  Polka,context,removed,1
7,10.1101/19006635,Mate  Palfy,results,stat,1
7,10.1101/19006635,Jessica  Polka,results,added,1
7,10.1101/19006635,jonathon coates,results,stat,1
8,10.1101/19006650,jonathon coates,results,effect,-1
8,10.1101/19006650,jonathon coates,conclusions,effect,-1
8,10.1101/19006650,Dey   Gautam,results,effect,-1
8,10.1101/19006650,Mate  Palfy,conclusions,effect,-1
8,10.1101/19006650,Jessica  Polka,conclusions,stat,-1
8,10.1101/19006650,Dey   Gautam,conclusions,effect,-1
8,10.1101/19006650,jonathon coates,conclusions,effect,1
8,10.1101/19006650,Jessica  Polka,conclusions,stat,-1
9,10.1101/19006833,Jessica  Polka,context,nounchange,1
9,10.1101/19006833,Dey   Gautam,conclusions,added,2
9,10.1101/19006833,Jessica  Polka,results,added,1
9,10.1101/19006833,jonathon coates,conclusions,added,2
10,10.1101/19006957,Dey   Gautam,context,nounchange,1
10,10.1101/19006957,Jessica  Polka,conclusions,removed,1
10,10.1101/19006957,Mate  Palfy,results,removed,1
10,10.1101/19006957,Jessica  Polka,results,removed,1
10,10.1101/19006957,jonathon coates,results,effect,-1
10,10.1101/19006957,Jessica  Polka,conclusions,stat,-1
10,10.1101/19006957,Dey   Gautam,conclusions,nounchange,1
10,10.1101/19006957,Mate  Palfy,results,added,1
10,10.1101/19006957,Jessica  Polka,results,added,1
10,10.1101/19006957,jonathon coates,results,added,1
10,10.1101/19006957,Jessica  Polka,conclusions,removed,1
11,10.1101/19007013,Jessica  Polka,context,removed,1
11,10.1101/19007013,Jessica  Polka,context,stat,-1
11,10.1101/19007013,Mate  Palfy,context,stat,-1
11,10.1101/19007013,Dey   Gautam,context,removed,1
11,10.1101/19007013,Mate  Palfy,context,removed,1
11,10.1101/19007013,Mate  Palfy,context,removed,1
11,10.1101/19007013,Jessica  Polka,results,added,1
11,10.1101/19007013,Mate  Palfy,context,removed,0
11,10.1101/19007013,Mate  Palfy,context,removed,1
11,10.1101/19007013,Mate  Palfy,context,removed,1
11,10.1101/19007013,Mate  Palfy,context,removed,1
11,10.1101/19007013,jonathon coates,context,removed,1
11,10.1101/19007013,jonathon coates,results,stat,1
11,10.1101/19007013,Dey   Gautam,results,added,1
11,10.1101/19007013,Mate  Palfy,results,stat,1
11,10.1101/19007013,jonathon coates,conclusions,added,1
11,10.1101/19007013,jonathon coates,conclusions,stat,1
11,10.1101/19007013,Mate  Palfy,conclusions,added,1
11,10.1101/19007013,Jessica  Polka,conclusions,stat,-1
11,10.1101/19007013,Jessica  Polka,conclusions,removed,1
11,10.1101/19007013,jonathon coates,conclusions,removed,1
11,10.1101/19007013,Mate  Palfy,conclusions,removed,1
11,10.1101/19007013,Dey   Gautam,conclusions,effect,-1
12,10.1101/19007021,Jessica  Polka,context,removed,1
12,10.1101/19007021,Mate  Palfy,context,nounchange,1
12,10.1101/19007021,Jessica  Polka,context,stat,-1
12,10.1101/19007021,Mate  Palfy,results,stat,-1
12,10.1101/19007021,Dey   Gautam,conclusions,added,1
12,10.1101/19007021,Jessica  Polka,conclusions,added,1
12,10.1101/19007021,Mate  Palfy,conclusions,added,1
12,10.1101/19007021,Mate  Palfy,conclusions,added,1
12,10.1101/19007021,jonathon coates,conclusions,added,1
13,10.1101/19007161,Jessica  Polka,results,removed,1
13,10.1101/19007161,Mate  Palfy,context,nounchange,1
13,10.1101/19007161,Dey   Gautam,results,added,1
13,10.1101/19007161,Jessica  Polka,context,added,1
13,10.1101/19007161,Jessica  Polka,context,added,1
13,10.1101/19007161,Mate  Palfy,context,removed,1
13,10.1101/19007161,Jessica  Polka,context,removed,1
13,10.1101/19007161,Mate  Palfy,context,removed,1
13,10.1101/19007161,Mate  Palfy,results,added,1
13,10.1101/19007161,jonathon coates,results,stat,-1
13,10.1101/19007161,Dey   Gautam,conclusions,added,1
13,10.1101/19007161,jonathon coates,results,added,1
13,10.1101/19007161,Mate  Palfy,results,added,1
13,10.1101/19007161,Jessica  Polka,results,added,1
13,10.1101/19007161,Jessica  Polka,results,removed,1
14,10.1101/19007401,Jessica  Polka,context,effect,-1
14,10.1101/19007401,Mate  Palfy,context,stat,-1
14,10.1101/19007401,Jessica  Polka,context,stat,-1
14,10.1101/19007401,Jessica  Polka,context,nounchange,1
14,10.1101/19007401,Jessica  Polka,results,nounchange,1
15,10.1101/19007450,Mate  Palfy,results,stat,1
16,10.1101/19007542,Jessica  Polka,context,removed,1
16,10.1101/19007542,Dey   Gautam,context,nounchange,1
16,10.1101/19007542,Jessica  Polka,context,added,1
16,10.1101/19007542,Jessica  Polka,results,nounchange,1
16,10.1101/19007542,Jessica  Polka,context,removed,1
16,10.1101/19007542,Jessica  Polka,results,added,1
16,10.1101/19007542,Mate  Palfy,results,added,1
16,10.1101/19007542,jonathon coates,results,stat,-1
16,10.1101/19007542,Jessica  Polka,results,effectreverse,0
16,10.1101/19007542,jonathon coates,results,stat,-1
16,10.1101/19007542,jonathon coates,results,added,1
16,10.1101/19007542,Jessica  Polka,results,added,1
17,10.1101/19007666,Jessica  Polka,context,stat,-1
17,10.1101/19007666,Jessica  Polka,results,stat,-1
17,10.1101/19007666,jonathon coates,context,stat,1
17,10.1101/19007666,Dey   Gautam,context,added,1
17,10.1101/19007666,Mate  Palfy,context,added,1
17,10.1101/19007666,jonathon coates,results,stat,1
17,10.1101/19007666,Jessica  Polka,results,stat,-1
17,10.1101/19007666,Jessica  Polka,results,stat,-1
17,10.1101/19007666,Jessica  Polka,results,stat,-1
17,10.1101/19007666,Jessica  Polka,results,stat,-1
19,10.1101/19007849,Dey   Gautam,context,removed,1
19,10.1101/19007849,Jessica  Polka,context,added,1
19,10.1101/19007849,Jessica  Polka,context,removed,1
19,10.1101/19007849,Dey   Gautam,context,removed,1
19,10.1101/19007849,Jessica  Polka,context,added,1
19,10.1101/19007849,Jessica  Polka,context,added,1
19,10.1101/19007849,Jessica  Polka,context,removed,1
19,10.1101/19007849,Jessica  Polka,context,added,1
19,10.1101/19007849,Dey   Gautam,context,added,1
19,10.1101/19007849,Jessica  Polka,context,added,1
19,10.1101/19007849,Jessica  Polka,context,nounchange,1
19,10.1101/19007849,Mate  Palfy,context,added,0
19,10.1101/19007849,Mate  Palfy,conclusions,added,1
19,10.1101/19007849,Jessica  Polka,context,added,1
19,10.1101/19007849,Jessica  Polka,context,added,1
19,10.1101/19007849,Jessica  Polka,context,removed,1
19,10.1101/19007849,Jessica  Polka,context,nounchange,1
20,10.1101/19008102,Jessica  Polka,conclusions,stat,1
20,10.1101/19008102,Jessica  Polka,conclusions,added,1
20,10.1101/19008102,Mate  Palfy,conclusions,added,1
20,10.1101/19008102,jonathon coates,conclusions,added,1
20,10.1101/19008102,Dey   Gautam,conclusions,added,1
24,10.1101/19008300,Dey   Gautam,context,removed,1
24,10.1101/19008300,Jessica  Polka,conclusions,nounchange,1
24,10.1101/19008300,Jessica  Polka,conclusions,removed,1
24,10.1101/19008300,Mate  Palfy,conclusions,removed,1
24,10.1101/19008300,Jessica  Polka,conclusions,effect,1
24,10.1101/19008300,Jessica  Polka,context,added,1
24,10.1101/19008300,Mate  Palfy,results,stat,1
24,10.1101/19008300,Mate  Palfy,results,stat,1
24,10.1101/19008300,Dey   Gautam,context,added,1
24,10.1101/19008300,Jessica  Polka,results,nounchange,1
24,10.1101/19008300,jonathon coates,results,stat,-1
24,10.1101/19008300,Jessica  Polka,conclusions,removed,1
24,10.1101/19008300,jonathon coates,results,effect,-1
24,10.1101/19008300,Mate  Palfy,results,removed,1
24,10.1101/19008300,Dey   Gautam,conclusions,added,1
24,10.1101/19008300,Dey   Gautam,results,removed,1
24,10.1101/19008300,jonathon coates,conclusions,added,1
24,10.1101/19008300,Jessica  Polka,results,nounchange,1
24,10.1101/19008300,Mate  Palfy,conclusions,added,1
24,10.1101/19008300,Dey   Gautam,results,added,1
24,10.1101/19008300,jonathon coates,conclusions,effect,1
26,10.1101/19008367,Jessica  Polka,context,effect,-1
26,10.1101/19008367,Jessica  Polka,results,stat,1
26,10.1101/19008367,jonathon coates,results,stat,1
26,10.1101/19008367,Jessica  Polka,results,effect,1
26,10.1101/19008367,Mate  Palfy,results,effect,1
26,10.1101/19008367,jonathon coates,results,stat,-1
26,10.1101/19008367,Jessica  Polka,results,effect,-1
26,10.1101/19008367,Mate  Palfy,results,effect,-1
26,10.1101/19008367,Jessica  Polka,results,effect,-1
26,10.1101/19008367,jonathon coates,results,stat,-1
26,10.1101/19008367,Mate  Palfy,results,effect,-1
26,10.1101/19008367,jonathon coates,results,stat,-1
26,10.1101/19008367,Mate  Palfy,results,stat,-1
26,10.1101/19008367,jonathon coates,results,stat,-1
26,10.1101/19008367,Jessica  Polka,results,stat,-1
26,10.1101/19008367,Dey   Gautam,results,stat,1
26,10.1101/19008367,jonathon coates,conclusions,added,2
26,10.1101/19008367,jonathon coates,conclusions,added,1
26,10.1101/19008367,Mate  Palfy,conclusions,added,1
26,10.1101/19008367,Jessica  Polka,conclusions,added,2
28,10.1101/19008953,Jessica  Polka,context,added,1
28,10.1101/19008953,Jessica  Polka,context,removed,1
29,10.1101/19009472,Jessica  Polka,results,stat,1
29,10.1101/19009472,jonathon coates,results,stat,1
29,10.1101/19009472,Dey   Gautam,results,stat,1
29,10.1101/19009472,Mate  Palfy,results,stat,1
29,10.1101/19009472,jonathon coates,results,stat,1
29,10.1101/19009472,Jessica  Polka,results,stat,1
29,10.1101/19009472,Dey   Gautam,results,stat,1
29,10.1101/19009472,Mate  Palfy,results,stat,1
29,10.1101/19009472,jonathon coates,results,stat,1
29,10.1101/19009472,Mate  Palfy,results,stat,1
29,10.1101/19009472,Dey   Gautam,results,stat,1
29,10.1101/19009472,jonathon coates,results,stat,1
29,10.1101/19009472,Jessica  Polka,results,stat,1
29,10.1101/19009472,Dey   Gautam,results,stat,1
29,10.1101/19009472,Mate  Palfy,results,stat,1
29,10.1101/19009472,Jessica  Polka,results,stat,1
29,10.1101/19009472,jonathon coates,results,stat,1
29,10.1101/19009472,Mate  Palfy,results,stat,1
29,10.1101/19009472,Dey   Gautam,results,stat,1
30,10.1101/19009522,jonathon coates,results,nounchange,1
30,10.1101/19009522,Jessica  Polka,context,added,1
30,10.1101/19009522,jonathon coates,conclusions,removed,1
31,10.1101/19009589,Jessica  Polka,results,nounchange,1
31,10.1101/19009589,Mate  Palfy,results,nounchange,1
31,10.1101/19009589,Dey   Gautam,results,nounchange,1
32,10.1101/19009647,Jessica  Polka,context,nounchange,1
34,10.1101/19010462,Dey   Gautam,context,added,1
34,10.1101/19010462,Jessica  Polka,context,stat,-1
34,10.1101/19010462,jonathon coates,results,stat,1
34,10.1101/19010462,Dey   Gautam,results,stat,1
34,10.1101/19010462,jonathon coates,results,stat,-1
34,10.1101/19010462,Mate  Palfy,results,stat,-1
35,10.1101/19010579,Jessica  Polka,context,nounchange,1
35,10.1101/19010579,jonathon coates,results,added,1
35,10.1101/19010579,Dey   Gautam,context,added,1
36,10.1101/19010728,Jessica  Polka,context,added,1
36,10.1101/19010728,jonathon coates,results,stat,1
36,10.1101/19010728,Dey   Gautam,context,added,1
37,10.1101/19010975,jonathon coates,results,stat,1
37,10.1101/19010975,jonathon coates,results,stat,1
37,10.1101/19010975,jonathon coates,results,stat,1
37,10.1101/19010975,Dey   Gautam,results,stat,1
37,10.1101/19010975,Mate  Palfy,results,stat,1
37,10.1101/19010975,Dey   Gautam,results,stat,1
37,10.1101/19010975,Mate  Palfy,results,stat,1
37,10.1101/19010975,jonathon coates,results,stat,1
38,10.1101/19011049,Jessica  Polka,results,effect,1
38,10.1101/19011049,jonathon coates,results,effect,-1
38,10.1101/19011049,Mate  Palfy,results,stat,-1
38,10.1101/19011049,jonathon coates,results,effect,-1
38,10.1101/19011049,Jessica  Polka,results,stat,-1
38,10.1101/19011049,Dey   Gautam,conclusions,added,1
38,10.1101/19011049,Jessica  Polka,results,added,1
38,10.1101/19011049,Mate  Palfy,results,added,1
39,10.1101/19011064,Jessica  Polka,context,removed,1
39,10.1101/19011064,Jessica  Polka,context,removed,1
39,10.1101/19011064,Jessica  Polka,results,effect,-1
39,10.1101/19011064,Jessica  Polka,context,removed,1
39,10.1101/19011064,Jessica  Polka,context,removed,1
39,10.1101/19011064,Jessica  Polka,context,removed,1
39,10.1101/19011064,Jessica  Polka,context,removed,1
39,10.1101/19011064,Dey   Gautam,context,removed,1
39,10.1101/19011064,Jessica  Polka,context,stat,1
39,10.1101/19011064,jonathon coates,results,stat,1
39,10.1101/19011064,Dey   Gautam,results,added,1
39,10.1101/19011064,jonathon coates,results,stat,1
39,10.1101/19011064,Mate  Palfy,results,added,1
39,10.1101/19011064,jonathon coates,results,stat,1
39,10.1101/19011064,Mate  Palfy,results,added,1
39,10.1101/19011064,jonathon coates,results,stat,-1
39,10.1101/19011064,Mate  Palfy,results,stat,-1
39,10.1101/19011064,Jessica  Polka,results,nounchange,1
39,10.1101/19011064,Jessica  Polka,results,effect,1
39,10.1101/19011064,jonathon coates,results,stat,1
39,10.1101/19011064,Jessica  Polka,results,removed,1
39,10.1101/19011064,Jessica  Polka,results,removed,1
39,10.1101/19011064,Jessica  Polka,results,added,1
39,10.1101/19011064,Jessica  Polka,results,stat,1
39,10.1101/19011064,Mate  Palfy,results,stat,1
39,10.1101/19011064,Jessica  Polka,results,effect,-1
39,10.1101/19011064,Dey   Gautam,results,stat,1
39,10.1101/19011064,jonathon coates,results,stat,1
39,10.1101/19011064,jonathon coates,results,stat,1
39,10.1101/19011064,Dey   Gautam,results,removed,1
39,10.1101/19011064,Jessica  Polka,results,added,1
39,10.1101/19011064,Mate  Palfy,conclusions,added,1
39,10.1101/19011064,jonathon coates,conclusions,added,1
39,10.1101/19011064,Jessica  Polka,results,added,1
39,10.1101/19011064,Mate  Palfy,conclusions,added,1
39,10.1101/19011064,Jessica  Polka,conclusions,removed,1
39,10.1101/19011064,Dey   Gautam,conclusions,added,1
40,10.1101/19011130,Mate  Palfy,results,stat,1
40,10.1101/19011130,jonathon coates,context,stat,1
40,10.1101/19011130,Mate  Palfy,results,added,1
40,10.1101/19011130,Mate  Palfy,results,stat,1
40,10.1101/19011130,jonathon coates,results,stat,-1
40,10.1101/19011130,Jessica  Polka,results,stat,1
40,10.1101/19011130,Jessica  Polka,results,added,1
40,10.1101/19011130,Mate  Palfy,results,effect,-1
40,10.1101/19011130,Jessica  Polka,results,effect,-1
40,10.1101/19011130,jonathon coates,results,stat,1
40,10.1101/19011130,Mate  Palfy,results,added,1
40,10.1101/19011130,Jessica  Polka,results,added,1
40,10.1101/19011130,jonathon coates,results,stat,1
40,10.1101/19011130,Jessica  Polka,results,stat,1
40,10.1101/19011130,Dey   Gautam,results,stat,1
40,10.1101/19011130,Mate  Palfy,results,added,1
40,10.1101/19011130,jonathon coates,results,stat,1
40,10.1101/19011130,Jessica  Polka,results,added,1
40,10.1101/19011130,Mate  Palfy,results,added,1
40,10.1101/19011130,Mate  Palfy,results,effect,-1
40,10.1101/19011130,Mate  Palfy,results,stat,1
40,10.1101/19011130,Jessica  Polka,results,effect,-1
40,10.1101/19011130,jonathon coates,results,stat,-1
40,10.1101/19011130,Jessica  Polka,results,stat,1
40,10.1101/19011130,jonathon coates,results,stat,1
40,10.1101/19011130,jonathon coates,results,stat,-1
40,10.1101/19011130,Jessica  Polka,results,effect,-1
40,10.1101/19011130,jonathon coates,results,stat,-1
40,10.1101/19011130,Jessica  Polka,results,stat,1
40,10.1101/19011130,Jessica  Polka,results,effect,-1
40,10.1101/19011130,jonathon coates,results,stat,-1
40,10.1101/19011130,Jessica  Polka,results,stat,1
41,10.1101/19011213,jonathon coates,context,stat,1
41,10.1101/19011213,Mate  Palfy,results,stat,1
41,10.1101/19011213,jonathon coates,context,stat,1
41,10.1101/19011213,Jessica  Polka,results,stat,1
41,10.1101/19011213,Mate  Palfy,results,stat,1
41,10.1101/19011213,Jessica  Polka,results,stat,1
41,10.1101/19011213,jonathon coates,context,stat,1
41,10.1101/19011213,jonathon coates,results,added,1
41,10.1101/19011213,Jessica  Polka,results,stat,1
41,10.1101/19011213,jonathon coates,context,stat,1
41,10.1101/19011213,jonathon coates,context,stat,1
41,10.1101/19011213,Dey   Gautam,results,stat,1
41,10.1101/19011213,jonathon coates,results,added,1
41,10.1101/19011213,Jessica  Polka,results,effect,-1
41,10.1101/19011213,Jessica  Polka,results,effect,-1
41,10.1101/19011213,Jessica  Polka,results,effect,-1
41,10.1101/19011213,Jessica  Polka,results,effect,1
41,10.1101/19011213,Jessica  Polka,results,stat,-1
41,10.1101/19011213,jonathon coates,conclusions,stat,1
42,10.1101/19011452,Jessica  Polka,context,nounchange,1
42,10.1101/19011452,Jessica  Polka,context,nounchange,1
46,10.1101/19012112,Dey   Gautam,results,stat,1
48,10.1101/19012823,Dey   Gautam,context,nounchange,1
48,10.1101/19012823,Jessica  Polka,context,nounchange,1
48,10.1101/19012823,Jessica  Polka,results,stat,-1
48,10.1101/19012823,Mate  Palfy,results,stat,1
48,10.1101/19012823,Jessica  Polka,results,stat,1
48,10.1101/19012823,Dey   Gautam,results,stat,1
48,10.1101/19012823,Mate  Palfy,results,stat,1
48,10.1101/19012823,Jessica  Polka,results,nounchange,1
48,10.1101/19012823,Mate  Palfy,results,stat,1
48,10.1101/19012823,jonathon coates,results,stat,1
48,10.1101/19012823,jonathon coates,results,stat,1
48,10.1101/19012823,Mate  Palfy,new,results,1
48,10.1101/19012823,Mate  Palfy,conclusions,added,2
48,10.1101/19012823,Jessica  Polka,conclusions,added,2
48,10.1101/19012823,jonathon coates,conclusions,added,2
48,10.1101/19012823,Mate  Palfy,conclusions,nounchange,1
48,10.1101/19012823,Jessica  Polka,conclusions,nounchange,1
48,10.1101/19012823,Dey   Gautam,conclusions,added,2
48,10.1101/19012823,Jessica  Polka,conclusions,nounchange,1
48,10.1101/19012823,Mate  Palfy,conclusions,nounchange,1
49,10.1101/19012880,Jessica  Polka,context,removed,1
49,10.1101/19012880,Dey   Gautam,context,removed,1
49,10.1101/19012880,jonathon coates,context,removed,1
49,10.1101/19012880,Jessica  Polka,context,nounchange,1
49,10.1101/19012880,Jessica  Polka,context,nounchange,1
49,10.1101/19012880,Jessica  Polka,context,removed,1
49,10.1101/19012880,Jessica  Polka,context,removed,1
49,10.1101/19012880,Mate  Palfy,conclusions,nounchange,1
49,10.1101/19012880,Jessica  Polka,results,nounchange,1
49,10.1101/19012880,Jessica  Polka,conclusions,nounchange,1
56,10.1101/2019.12.17.19015198,Jessica  Polka,context,added,1
56,10.1101/2019.12.17.19015198,Jessica  Polka,context,added,1
56,10.1101/2019.12.17.19015198,Jessica  Polka,context,added,1
56,10.1101/2019.12.17.19015198,Jessica  Polka,context,added,1
56,10.1101/2019.12.17.19015198,jonathon coates,context,added,1
56,10.1101/2019.12.17.19015198,Dey   Gautam,context,added,1
56,10.1101/2019.12.17.19015198,Dey   Gautam,context,removed,1
56,10.1101/2019.12.17.19015198,Jessica  Polka,context,nounchange,1
56,10.1101/2019.12.17.19015198,Jessica  Polka,context,nounchange,1
56,10.1101/2019.12.17.19015198,jonathon coates,context,added,1
56,10.1101/2019.12.17.19015198,Dey   Gautam,context,added,1
56,10.1101/2019.12.17.19015198,Jessica  Polka,results,stat,1
56,10.1101/2019.12.17.19015198,Jessica  Polka,results,added,1
56,10.1101/2019.12.17.19015198,Mate  Palfy,results,added,1
56,10.1101/2019.12.17.19015198,Mate  Palfy,results,added,1
56,10.1101/2019.12.17.19015198,Jessica  Polka,results,nounchange,1
56,10.1101/2019.12.17.19015198,jonathon coates,conclusions,added,1
56,10.1101/2019.12.17.19015198,Dey   Gautam,results,stat,1
56,10.1101/2019.12.17.19015198,Jessica  Polka,conclusions,nounchange,1
56,10.1101/2019.12.17.19015198,Mate  Palfy,conclusions,nounchange,1
59,10.1101/2019.12.18.881391,Dey   Gautam,context,added,1
59,10.1101/2019.12.18.881391,Jessica  Polka,context,removed,1
59,10.1101/2019.12.18.881391,Jessica  Polka,context,removed,1
59,10.1101/2019.12.18.881391,jonathon coates,context,removed,1
59,10.1101/2019.12.18.881391,Jessica  Polka,context,removed,1
59,10.1101/2019.12.18.881391,Jessica  Polka,context,added,1
59,10.1101/2019.12.18.881391,Mate  Palfy,results,nounchange,1
59,10.1101/2019.12.18.881391,Dey   Gautam,results,nounchange,1
59,10.1101/2019.12.18.881391,jonathon coates,results,added,1
59,10.1101/2019.12.18.881391,jonathon coates,results,added,1
59,10.1101/2019.12.18.881391,Jessica  Polka,conclusions,removed,1
59,10.1101/2019.12.18.881391,Mate  Palfy,conclusions,removed,1
60,10.1101/2019.12.19.882274,Jessica  Polka,context,nounchange,1
62,10.1101/2020.01.03.20016436,Jessica  Polka,context,nounchange,1
62,10.1101/2020.01.03.20016436,Jessica  Polka,context,added,1
62,10.1101/2020.01.03.20016436,Jessica  Polka,results,stat,-1
62,10.1101/2020.01.03.20016436,Dey   Gautam,results,nounchange,1
62,10.1101/2020.01.03.20016436,Jessica  Polka,results,stat,1
62,10.1101/2020.01.03.20016436,Dey   Gautam,results,added,1
62,10.1101/2020.01.03.20016436,Jessica  Polka,results,effect,-1
62,10.1101/2020.01.03.20016436,Mate  Palfy,results,effect,-1
62,10.1101/2020.01.03.20016436,jonathon coates,results,stat,-1
62,10.1101/2020.01.03.20016436,Jessica  Polka,results,stat,1
62,10.1101/2020.01.03.20016436,Jessica  Polka,results,effect,-1
62,10.1101/2020.01.03.20016436,Jessica  Polka,results,stat,1
62,10.1101/2020.01.03.20016436,Jessica  Polka,results,nounchange,1
62,10.1101/2020.01.03.20016436,Jessica  Polka,results,stat,1
62,10.1101/2020.01.03.20016436,Mate  Palfy,results,effect,-1
62,10.1101/2020.01.03.20016436,jonathon coates,results,stat,-1
62,10.1101/2020.01.03.20016436,Dey   Gautam,results,added,1
62,10.1101/2020.01.03.20016436,Dey   Gautam,results,added,1
62,10.1101/2020.01.03.20016436,Jessica  Polka,results,added,1
62,10.1101/2020.01.03.20016436,jonathon coates,results,stat,-1
62,10.1101/2020.01.03.20016436,Mate  Palfy,results,stat,1
62,10.1101/2020.01.03.20016436,Dey   Gautam,results,added,2
62,10.1101/2020.01.03.20016436,Jessica  Polka,results,nounchange,1
62,10.1101/2020.01.03.20016436,Mate  Palfy,results,added,1
62,10.1101/2020.01.03.20016436,Mate  Palfy,context,removed,1
62,10.1101/2020.01.03.20016436,jonathon coates,results,stat,-1
62,10.1101/2020.01.03.20016436,Jessica  Polka,results,added,1
62,10.1101/2020.01.03.20016436,Mate  Palfy,results,effectreverse,1
62,10.1101/2020.01.03.20016436,jonathon coates,results,added,1
62,10.1101/2020.01.03.20016436,Jessica  Polka,conclusions,removed,1
62,10.1101/2020.01.03.20016436,Jessica  Polka,conclusions,nounchange,1
62,10.1101/2020.01.03.20016436,jonathon coates,conclusions,stat,1
62,10.1101/2020.01.03.20016436,Dey   Gautam,conclusions,effect,1
65,10.1101/2020.01.07.897496,Jessica  Polka,context,added,1
65,10.1101/2020.01.07.897496,Dey   Gautam,context,removed,1
65,10.1101/2020.01.07.897496,Jessica  Polka,context,removed,1
65,10.1101/2020.01.07.897496,Jessica  Polka,context,added,1
65,10.1101/2020.01.07.897496,Dey   Gautam,context,removed,1
65,10.1101/2020.01.07.897496,Jessica  Polka,results,nounchange,1
66,10.1101/2020.01.13.20016360,Dey   Gautam,results,effectreverse,2
66,10.1101/2020.01.13.20016360,Jessica  Polka,results,effectreverse,2
66,10.1101/2020.01.13.20016360,jonathon coates,results,effect,1
66,10.1101/2020.01.13.20016360,Mate  Palfy,conclusions,nounchange,1
67,10.1101/2020.01.13.905190,Jessica  Polka,context,added,1
67,10.1101/2020.01.13.905190,Jessica  Polka,context,added,1
67,10.1101/2020.01.13.905190,Jessica  Polka,context,removed,1
67,10.1101/2020.01.13.905190,Dey   Gautam,conclusions,removed,1
67,10.1101/2020.01.13.905190,Mate  Palfy,conclusions,nounchange,1
67,10.1101/2020.01.13.905190,Jessica  Polka,conclusions,removed,1
68,10.1101/2020.01.21.20018101,Dey   Gautam,results,effect,-1
68,10.1101/2020.01.21.20018101,jonathon coates,conclusions,effect,1
69,10.1101/2020.01.21.914929,Jessica  Polka,conclusions,removed,1
70,10.1101/2020.01.22.914952,Jessica  Polka,context,added,1
70,10.1101/2020.01.22.914952,Jessica  Polka,context,effect,1
70,10.1101/2020.01.22.914952,Jessica  Polka,context,added,1
70,10.1101/2020.01.22.914952,jonathon coates,context,effect,1
70,10.1101/2020.01.22.914952,Jessica  Polka,context,effect,1
70,10.1101/2020.01.22.914952,Jessica  Polka,context,effect,1
70,10.1101/2020.01.22.914952,jonathon coates,context,effect,1
70,10.1101/2020.01.22.914952,Dey   Gautam,context,effect,1
70,10.1101/2020.01.22.914952,Jessica  Polka,results,effect,1
70,10.1101/2020.01.22.914952,jonathon coates,results,effect,1
70,10.1101/2020.01.22.914952,Mate  Palfy,results,effect,1
70,10.1101/2020.01.22.914952,Dey   Gautam,results,effect,1
70,10.1101/2020.01.22.914952,Jessica  Polka,results,nounchange,1
70,10.1101/2020.01.22.914952,Jessica  Polka,conclusions,stat,-1
72,10.1101/2020.01.23.20017566,Jessica  Polka,context,removed,1
72,10.1101/2020.01.23.20017566,Jessica  Polka,context,removed,1
72,10.1101/2020.01.23.20017566,Jessica  Polka,context,removed,1
72,10.1101/2020.01.23.20017566,Dey   Gautam,context,removed,1
72,10.1101/2020.01.23.20017566,Jessica  Polka,context,removed,1
72,10.1101/2020.01.23.20017566,Mate  Palfy,results,stat,1
72,10.1101/2020.01.23.20017566,jonathon coates,context,removed,1
72,10.1101/2020.01.23.20017566,jonathon coates,results,added,1
72,10.1101/2020.01.23.20017566,jonathon coates,results,stat,1
72,10.1101/2020.01.23.20017566,jonathon coates,results,stat,1
72,10.1101/2020.01.23.20017566,Mate  Palfy,results,added,1
72,10.1101/2020.01.23.20017566,Dey   Gautam,results,added,1
72,10.1101/2020.01.23.20017566,jonathon coates,results,stat,1
72,10.1101/2020.01.23.20017566,jonathon coates,results,stat,1
72,10.1101/2020.01.23.20017566,Mate  Palfy,results,added,1
72,10.1101/2020.01.23.20017566,Dey   Gautam,results,added,1
72,10.1101/2020.01.23.20017566,Jessica  Polka,conclusions,added,1
72,10.1101/2020.01.23.20017566,Dey   Gautam,conclusions,added,1
72,10.1101/2020.01.23.20017566,Mate  Palfy,conclusions,added,2
73,10.1101/2020.01.23.916395,Jessica  Polka,context,effect,1
73,10.1101/2020.01.23.916395,Jessica  Polka,conclusions,stat,-1
73,10.1101/2020.01.23.916395,Dey   Gautam,results,effect,-1
73,10.1101/2020.01.23.916395,Jessica  Polka,context,nounchange,1
73,10.1101/2020.01.23.916395,Mate  Palfy,results,effect,-1
73,10.1101/2020.01.23.916395,Mate  Palfy,results,stat,1
73,10.1101/2020.01.23.916395,jonathon coates,results,stat,-1
73,10.1101/2020.01.23.916395,Mate  Palfy,results,effect,-1
73,10.1101/2020.01.23.916395,jonathon coates,results,stat,-1
73,10.1101/2020.01.23.916395,Mate  Palfy,results,stat,1
73,10.1101/2020.01.23.916395,Dey   Gautam,results,effect,-1
73,10.1101/2020.01.23.916395,Dey   Gautam,results,stat,1
73,10.1101/2020.01.23.916395,Jessica  Polka,results,stat,1
73,10.1101/2020.01.23.916395,Dey   Gautam,results,removed,1
73,10.1101/2020.01.23.916395,Jessica  Polka,results,added,1
73,10.1101/2020.01.23.916395,Dey   Gautam,results,effect,-1
73,10.1101/2020.01.23.916395,Mate  Palfy,results,effect,-1
73,10.1101/2020.01.23.916395,Jessica  Polka,conclusions,effect,-1
73,10.1101/2020.01.23.916395,jonathon coates,results,stat,-1
74,10.1101/2020.01.24.915157,Jessica  Polka,conclusions,stat,1
75,10.1101/2020.01.24.919159,Mate  Palfy,context,effect,1
75,10.1101/2020.01.24.919159,Jessica  Polka,context,effect,1
75,10.1101/2020.01.24.919159,jonathon coates,context,effect,1
75,10.1101/2020.01.24.919159,Jessica  Polka,context,effect,1
75,10.1101/2020.01.24.919159,jonathon coates,context,effect,1
75,10.1101/2020.01.24.919159,Mate  Palfy,context,effect,1
75,10.1101/2020.01.24.919159,Jessica  Polka,context,nounchange,1
75,10.1101/2020.01.24.919159,Dey   Gautam,context,effect,1
75,10.1101/2020.01.24.919159,Jessica  Polka,context,nounchange,1
75,10.1101/2020.01.24.919159,Jessica  Polka,context,added,1
75,10.1101/2020.01.24.919159,Mate  Palfy,context,nounchange,1
75,10.1101/2020.01.24.919159,Mate  Palfy,context,added,1
75,10.1101/2020.01.24.919159,Jessica  Polka,context,nounchange,1
75,10.1101/2020.01.24.919159,Jessica  Polka,results,effect,1
75,10.1101/2020.01.24.919159,Dey   Gautam,results,effect,1
75,10.1101/2020.01.24.919159,Mate  Palfy,results,effect,1
75,10.1101/2020.01.24.919159,jonathon coates,results,stat,1
75,10.1101/2020.01.24.919159,Jessica  Polka,results,stat,1
75,10.1101/2020.01.24.919159,Mate  Palfy,results,stat,1
75,10.1101/2020.01.24.919159,Mate  Palfy,results,stat,1
75,10.1101/2020.01.24.919159,Jessica  Polka,results,effect,-1
75,10.1101/2020.01.24.919159,Mate  Palfy,results,effect,1
75,10.1101/2020.01.24.919159,Dey   Gautam,results,stat,1
75,10.1101/2020.01.24.919159,Dey   Gautam,results,stat,1
75,10.1101/2020.01.24.919159,jonathon coates,results,stat,1
75,10.1101/2020.01.24.919159,Dey   Gautam,results,effect,1
76,10.1101/2020.01.26.20018754,Mate  Palfy,context,nounchange,1
76,10.1101/2020.01.26.20018754,Jessica  Polka,context,added,1
76,10.1101/2020.01.26.20018754,Jessica  Polka,context,removed,1
76,10.1101/2020.01.26.20018754,Jessica  Polka,context,removed,1
76,10.1101/2020.01.26.20018754,Jessica  Polka,context,stat,-1
76,10.1101/2020.01.26.20018754,Mate  Palfy,results,effect,2
76,10.1101/2020.01.26.20018754,Jessica  Polka,results,effect,1
76,10.1101/2020.01.26.20018754,jonathon coates,results,effect,1
76,10.1101/2020.01.26.20018754,Dey   Gautam,results,added,1
76,10.1101/2020.01.26.20018754,Jessica  Polka,results,nounchange,1
76,10.1101/2020.01.26.20018754,Dey   Gautam,results,stat,1
76,10.1101/2020.01.26.20018754,Jessica  Polka,results,nounchange,1
76,10.1101/2020.01.26.20018754,Jessica  Polka,results,stat,1
76,10.1101/2020.01.26.20018754,jonathon coates,results,added,1
76,10.1101/2020.01.26.20018754,Dey   Gautam,results,added,2
76,10.1101/2020.01.26.20018754,Mate  Palfy,results,added,1
76,10.1101/2020.01.26.20018754,Dey   Gautam,conclusions,effect,2
76,10.1101/2020.01.26.20018754,Jessica  Polka,conclusions,effect,2
76,10.1101/2020.01.26.20018754,Jessica  Polka,results,effect,-1
76,10.1101/2020.01.26.20018754,Mate  Palfy,results,effect,-1
76,10.1101/2020.01.26.20018754,jonathon coates,results,added,1
76,10.1101/2020.01.26.20018754,Mate  Palfy,results,added,1
76,10.1101/2020.01.26.20018754,Jessica  Polka,results,stat,1
76,10.1101/2020.01.26.20018754,Dey   Gautam,results,added,2
79,10.1101/2020.01.27.20018986,Jessica  Polka,context,nounchange,1
79,10.1101/2020.01.27.20018986,Jessica  Polka,context,removed,1
79,10.1101/2020.01.27.20018986,Mate  Palfy,context,removed,1
79,10.1101/2020.01.27.20018986,Mate  Palfy,results,effect,1
79,10.1101/2020.01.27.20018986,Dey   Gautam,context,effect,1
79,10.1101/2020.01.27.20018986,Jessica  Polka,context,added,1
79,10.1101/2020.01.27.20018986,Jessica  Polka,results,effect,1
79,10.1101/2020.01.27.20018986,Mate  Palfy,results,effect,1
79,10.1101/2020.01.27.20018986,jonathon coates,results,stat,-1
79,10.1101/2020.01.27.20018986,Mate  Palfy,results,stat,1
79,10.1101/2020.01.27.20018986,Dey   Gautam,results,effect,1
79,10.1101/2020.01.27.20018986,Jessica  Polka,results,stat,1
79,10.1101/2020.01.27.20018986,Mate  Palfy,results,stat,1
79,10.1101/2020.01.27.20018986,Dey   Gautam,results,stat,1
79,10.1101/2020.01.27.20018986,Jessica  Polka,results,effect,1
79,10.1101/2020.01.27.20018986,Dey   Gautam,results,effect,-1
79,10.1101/2020.01.27.20018986,Mate  Palfy,conclusions,nounchange,1
79,10.1101/2020.01.27.20018986,Jessica  Polka,conclusions,stat,-1
80,10.1101/2020.01.28.923011,Jessica  Polka,context,effect,1
80,10.1101/2020.01.28.923011,Jessica  Polka,context,effect,1
80,10.1101/2020.01.28.923011,Dey   Gautam,context,effect,1
80,10.1101/2020.01.28.923011,Jessica  Polka,conclusions,stat,-1
80,10.1101/2020.01.28.923011,Mate  Palfy,conclusions,stat,-1
80,10.1101/2020.01.28.923011,Jessica  Polka,conclusions,stat,-1
80,10.1101/2020.01.28.923011,Mate  Palfy,conclusions,stat,-1
80,10.1101/2020.01.28.923011,Dey   Gautam,conclusions,effect,-1
80,10.1101/2020.01.28.923011,Dey   Gautam,conclusions,effect,-1
80,10.1101/2020.01.28.923011,Jessica  Polka,conclusions,stat,-1
80,10.1101/2020.01.28.923011,Mate  Palfy,conclusions,stat,-1
81,10.1101/2020.01.31.20019901,Jessica  Polka,context,effect,1
81,10.1101/2020.01.31.20019901,jonathon coates,context,effect,1
81,10.1101/2020.01.31.20019901,Dey   Gautam,context,effect,1
81,10.1101/2020.01.31.20019901,Jessica  Polka,context,nounchange,1
81,10.1101/2020.01.31.20019901,Jessica  Polka,context,stat,1
81,10.1101/2020.01.31.20019901,Mate  Palfy,context,added,1
81,10.1101/2020.01.31.20019901,Jessica  Polka,context,added,1
81,10.1101/2020.01.31.20019901,jonathon coates,context,added,1
81,10.1101/2020.01.31.20019901,Dey   Gautam,context,added,1
81,10.1101/2020.01.31.20019901,Jessica  Polka,context,added,1
81,10.1101/2020.01.31.20019901,Jessica  Polka,context,nounchange,1
81,10.1101/2020.01.31.20019901,jonathon coates,results,nounchange,1
81,10.1101/2020.01.31.20019901,Jessica  Polka,context,added,1
81,10.1101/2020.01.31.20019901,Mate  Palfy,context,added,1
81,10.1101/2020.01.31.20019901,Jessica  Polka,context,added,1
81,10.1101/2020.01.31.20019901,Dey   Gautam,context,added,1
81,10.1101/2020.01.31.20019901,jonathon coates,context,added,1
81,10.1101/2020.01.31.20019901,Jessica  Polka,context,added,1
81,10.1101/2020.01.31.20019901,Dey   Gautam,context,added,1
81,10.1101/2020.01.31.20019901,Jessica  Polka,results,nounchange,1
81,10.1101/2020.01.31.20019901,Jessica  Polka,results,nounchange,2
81,10.1101/2020.01.31.20019901,Jessica  Polka,results,removed,1
81,10.1101/2020.01.31.20019901,jonathon coates,results,removed,1
81,10.1101/2020.01.31.20019901,jonathon coates,results,stat,1
81,10.1101/2020.01.31.20019901,jonathon coates,results,stat,1
81,10.1101/2020.01.31.20019901,Dey   Gautam,results,added,2
81,10.1101/2020.01.31.20019901,jonathon coates,results,added,1
81,10.1101/2020.01.31.20019901,Mate  Palfy,results,effect,-1
81,10.1101/2020.01.31.20019901,Jessica  Polka,context,added,1
81,10.1101/2020.01.31.20019901,Mate  Palfy,results,nounchange,2
81,10.1101/2020.01.31.20019901,Dey   Gautam,context,added,2
81,10.1101/2020.01.31.20019901,Dey   Gautam,results,effect,-1
81,10.1101/2020.01.31.20019901,Mate  Palfy,results,effect,-1
81,10.1101/2020.01.31.20019901,Jessica  Polka,results,nounchange,1
81,10.1101/2020.01.31.20019901,Jessica  Polka,results,removed,1
81,10.1101/2020.01.31.20019901,Jessica  Polka,results,added,1
81,10.1101/2020.01.31.20019901,Jessica  Polka,results,removed,1
81,10.1101/2020.01.31.20019901,Jessica  Polka,conclusions,added,1
81,10.1101/2020.01.31.20019901,Mate  Palfy,conclusions,nounchange,2
81,10.1101/2020.01.31.20019901,Jessica  Polka,conclusions,nounchange,1
81,10.1101/2020.01.31.20019901,Mate  Palfy,conclusions,added,1
81,10.1101/2020.01.31.20019901,Mate  Palfy,conclusions,nounchange,1
82,10.1101/2020.01.31.928796,Jessica  Polka,context,removed,1
82,10.1101/2020.01.31.928796,Jessica  Polka,conclusions,added,1
83,10.1101/2020.02.02.931162,Jessica  Polka,results,stat,1
83,10.1101/2020.02.02.931162,Jessica  Polka,results,added,1
83,10.1101/2020.02.02.931162,Mate  Palfy,results,added,1
83,10.1101/2020.02.02.931162,jonathon coates,results,added,1
83,10.1101/2020.02.02.931162,Jessica  Polka,results,stat,1
83,10.1101/2020.02.02.931162,Jessica  Polka,results,added,1
83,10.1101/2020.02.02.931162,Mate  Palfy,results,effect,1
83,10.1101/2020.02.02.931162,Dey   Gautam,results,effect,1
83,10.1101/2020.02.02.931162,Jessica  Polka,results,effect,1
83,10.1101/2020.02.02.931162,Jessica  Polka,results,stat,1
83,10.1101/2020.02.02.931162,Jessica  Polka,results,added,1
83,10.1101/2020.02.02.931162,Jessica  Polka,results,added,1
83,10.1101/2020.02.02.931162,Dey   Gautam,results,added,1
83,10.1101/2020.02.02.931162,Mate  Palfy,results,added,1
83,10.1101/2020.02.02.931162,Jessica  Polka,conclusions,stat,-1
83,10.1101/2020.02.02.931162,Dey   Gautam,conclusions,added,1
83,10.1101/2020.02.02.931162,Jessica  Polka,context,added,1
84,10.1101/2020.02.03.933226,Dey   Gautam,context,added,1
84,10.1101/2020.02.03.933226,Jessica  Polka,results,stat,1
84,10.1101/2020.02.03.933226,Jessica  Polka,results,nounchange,1
86,10.1101/2020.02.06.20020974,Jessica  Polka,context,stat,1
86,10.1101/2020.02.06.20020974,Jessica  Polka,context,nounchange,1
86,10.1101/2020.02.06.20020974,jonathon coates,context,effect,-1
86,10.1101/2020.02.06.20020974,Mate  Palfy,context,effect,-1
86,10.1101/2020.02.06.20020974,Dey   Gautam,context,removed,1
86,10.1101/2020.02.06.20020974,Jessica  Polka,context,added,1
86,10.1101/2020.02.06.20020974,Jessica  Polka,context,added,1
86,10.1101/2020.02.06.20020974,Jessica  Polka,context,added,1
86,10.1101/2020.02.06.20020974,jonathon coates,context,added,1
86,10.1101/2020.02.06.20020974,jonathon coates,results,added,1
86,10.1101/2020.02.06.20020974,Mate  Palfy,results,added,1
86,10.1101/2020.02.06.20020974,Jessica  Polka,results,added,1
86,10.1101/2020.02.06.20020974,Dey   Gautam,context,added,1
86,10.1101/2020.02.06.20020974,Jessica  Polka,results,effect,-1
86,10.1101/2020.02.06.20020974,Mate  Palfy,results,effect,-1
86,10.1101/2020.02.06.20020974,Jessica  Polka,context,added,1
86,10.1101/2020.02.06.20020974,Jessica  Polka,results,effect,1
86,10.1101/2020.02.06.20020974,Mate  Palfy,results,effect,1
86,10.1101/2020.02.06.20020974,Mate  Palfy,results,added,1
86,10.1101/2020.02.06.20020974,Jessica  Polka,results,added,1
86,10.1101/2020.02.06.20020974,Jessica  Polka,results,effect,1
86,10.1101/2020.02.06.20020974,Mate  Palfy,results,effect,1
86,10.1101/2020.02.06.20020974,Dey   Gautam,results,added,1
86,10.1101/2020.02.06.20020974,Mate  Palfy,results,effect,1
86,10.1101/2020.02.06.20020974,Jessica  Polka,results,effect,1
86,10.1101/2020.02.06.20020974,Mate  Palfy,results,added,1
86,10.1101/2020.02.06.20020974,jonathon coates,results,effect,1
86,10.1101/2020.02.06.20020974,Jessica  Polka,results,added,1
86,10.1101/2020.02.06.20020974,Jessica  Polka,results,effect,1
86,10.1101/2020.02.06.20020974,Mate  Palfy,results,effect,1
86,10.1101/2020.02.06.20020974,jonathon coates,results,effect,-1
86,10.1101/2020.02.06.20020974,Dey   Gautam,results,stat,1
86,10.1101/2020.02.06.20020974,Mate  Palfy,results,stat,1
86,10.1101/2020.02.06.20020974,Jessica  Polka,results,stat,1
86,10.1101/2020.02.06.20020974,Mate  Palfy,results,nounchange,1
86,10.1101/2020.02.06.20020974,jonathon coates,results,stat,-1
86,10.1101/2020.02.06.20020974,Mate  Palfy,results,effect,1
86,10.1101/2020.02.06.20020974,Jessica  Polka,results,effect,1
86,10.1101/2020.02.06.20020974,jonathon coates,results,added,1
86,10.1101/2020.02.06.20020974,Mate  Palfy,results,added,1
86,10.1101/2020.02.06.20020974,Jessica  Polka,results,added,1
86,10.1101/2020.02.06.20020974,Mate  Palfy,results,effect,1
86,10.1101/2020.02.06.20020974,jonathon coates,results,effect,1
86,10.1101/2020.02.06.20020974,Jessica  Polka,results,effect,1
86,10.1101/2020.02.06.20020974,Mate  Palfy,conclusions,added,1
86,10.1101/2020.02.06.20020974,Jessica  Polka,conclusions,added,2
86,10.1101/2020.02.06.20020974,Mate  Palfy,conclusions,added,1
86,10.1101/2020.02.06.20020974,Jessica  Polka,conclusions,added,1
86,10.1101/2020.02.06.20020974,jonathon coates,conclusions,added,2
86,10.1101/2020.02.06.20020974,Mate  Palfy,results,removed,2
86,10.1101/2020.02.06.20020974,Mate  Palfy,conclusions,removed,2
86,10.1101/2020.02.06.20020974,Jessica  Polka,conclusions,removed,2
86,10.1101/2020.02.06.20020974,jonathon coates,conclusions,removed,2
86,10.1101/2020.02.06.20020974,Jessica  Polka,context,added,1
87,10.1101/2020.02.10.20021758,Jessica  Polka,context,added,1
88,10.1101/2020.02.11.20020735,Jessica  Polka,context,added,1
88,10.1101/2020.02.11.20020735,Jessica  Polka,context,added,1
88,10.1101/2020.02.11.20020735,Mate  Palfy,context,added,2
88,10.1101/2020.02.11.20020735,Dey   Gautam,context,added,1
88,10.1101/2020.02.11.20020735,Mate  Palfy,context,added,2
88,10.1101/2020.02.11.20020735,Jessica  Polka,context,added,1
88,10.1101/2020.02.11.20020735,Jessica  Polka,results,removed,1
88,10.1101/2020.02.11.20020735,jonathon coates,results,removed,1
88,10.1101/2020.02.11.20020735,Jessica  Polka,results,removed,1
88,10.1101/2020.02.11.20020735,Jessica  Polka,results,removed,1
88,10.1101/2020.02.11.20020735,Jessica  Polka,results,removed,1
88,10.1101/2020.02.11.20020735,Jessica  Polka,conclusions,removed,1
88,10.1101/2020.02.11.20020735,Jessica  Polka,context,added,1
88,10.1101/2020.02.11.20020735,Jessica  Polka,context,added,1
88,10.1101/2020.02.11.20020735,Mate  Palfy,results/context,added,2
88,10.1101/2020.02.11.20020735,Jessica  Polka,results,added,1
88,10.1101/2020.02.11.20020735,Mate  Palfy,results,effectreverse,3
88,10.1101/2020.02.11.20020735,Jessica  Polka,results,added,1
88,10.1101/2020.02.11.20020735,Dey   Gautam,results,added,2
88,10.1101/2020.02.11.20020735,Mate  Palfy,results,added,2
88,10.1101/2020.02.11.20020735,Jessica  Polka,results,added,1
88,10.1101/2020.02.11.20020735,jonathon coates,results,effect,-1
88,10.1101/2020.02.11.20020735,Mate  Palfy,context,added,2
88,10.1101/2020.02.11.20020735,Jessica  Polka,results,added,1
88,10.1101/2020.02.11.20020735,Dey   Gautam,results,added,2
88,10.1101/2020.02.11.20020735,Mate  Palfy,conclusions,added,2
88,10.1101/2020.02.11.20020735,Mate  Palfy,conclusions,added,2
88,10.1101/2020.02.11.20020735,Jessica  Polka,conclusions,added,2
88,10.1101/2020.02.11.20020735,Mate  Palfy,conclusions,added,2
88,10.1101/2020.02.11.20020735,Jessica  Polka,conclusions,added,1
88,10.1101/2020.02.11.20020735,Mate  Palfy,conclusions,added,2
88,10.1101/2020.02.11.20020735,Jessica  Polka,conclusions,added,1
88,10.1101/2020.02.11.20020735,jonathon coates,conclusions,added,2
88,10.1101/2020.02.11.20020735,Mate  Palfy,conclusions,added,2
88,10.1101/2020.02.11.20020735,Jessica  Polka,conclusions,added,1
88,10.1101/2020.02.11.20020735,Dey   Gautam,conclusions,added,2
89,10.1101/2020.02.11.20022186,Jessica  Polka,context,removed,1
89,10.1101/2020.02.11.20022186,Jessica  Polka,context,added,1
89,10.1101/2020.02.11.20022186,Dey   Gautam,context,added,1
89,10.1101/2020.02.11.20022186,Dey   Gautam,context,added,1
89,10.1101/2020.02.11.20022186,Mate  Palfy,context,nounchange,1
89,10.1101/2020.02.11.20022186,Jessica  Polka,context,nounchange,1
89,10.1101/2020.02.11.20022186,jonathon coates,context,effect,1
89,10.1101/2020.02.11.20022186,Mate  Palfy,context,nounchange,1
89,10.1101/2020.02.11.20022186,jonathon coates,context,effect,1
89,10.1101/2020.02.11.20022186,jonathon coates,context,nounchange,1
89,10.1101/2020.02.11.20022186,Dey   Gautam,results,effect,1
89,10.1101/2020.02.11.20022186,Mate  Palfy,results,added,1
89,10.1101/2020.02.11.20022186,Mate  Palfy,results,added,1
89,10.1101/2020.02.11.20022186,Dey   Gautam,results,effect,1
89,10.1101/2020.02.11.20022186,Mate  Palfy,results,effect,1
89,10.1101/2020.02.11.20022186,Jessica  Polka,results,effect,1
89,10.1101/2020.02.11.20022186,Mate  Palfy,results,effect,1
89,10.1101/2020.02.11.20022186,Jessica  Polka,results,effect,-1
89,10.1101/2020.02.11.20022186,Jessica  Polka,results,stat,-1
89,10.1101/2020.02.11.20022186,Mate  Palfy,results,effect,1
89,10.1101/2020.02.11.20022186,Jessica  Polka,results,effect,1
89,10.1101/2020.02.11.20022186,Mate  Palfy,results,effect,-1
89,10.1101/2020.02.11.20022186,Jessica  Polka,results,effect,-1
89,10.1101/2020.02.11.20022186,Dey   Gautam,results,effect,1
89,10.1101/2020.02.11.20022186,jonathon coates,results,effect,-1
89,10.1101/2020.02.11.20022186,Jessica  Polka,results,effect,-1
89,10.1101/2020.02.11.20022186,Mate  Palfy,results,nounchange,1
89,10.1101/2020.02.11.20022186,Mate  Palfy,conclusions,added,1
89,10.1101/2020.02.11.20022186,Jessica  Polka,conclusions,added,2
89,10.1101/2020.02.11.20022186,Mate  Palfy,conclusions,added,2
89,10.1101/2020.02.11.20022186,jonathon coates,conclusions,added,2
89,10.1101/2020.02.11.20022186,Dey   Gautam,conclusions,added,1
89,10.1101/2020.02.11.20022186,Jessica  Polka,conclusions,added,2
90,10.1101/2020.02.11.944462,Jessica  Polka,context,stat,-1
90,10.1101/2020.02.11.944462,Jessica  Polka,results,stat,-1
90,10.1101/2020.02.11.944462,Mate  Palfy,results,stat,-1
91,10.1101/2020.02.13.20022806,jonathon coates,context,effect,1
91,10.1101/2020.02.13.20022806,Jessica  Polka,context,effect,1
91,10.1101/2020.02.13.20022806,Jessica  Polka,context,effect,1
91,10.1101/2020.02.13.20022806,jonathon coates,context,effect,1
91,10.1101/2020.02.13.20022806,Dey   Gautam,context,effect,1
91,10.1101/2020.02.13.20022806,Mate  Palfy,context,removed,1
91,10.1101/2020.02.13.20022806,Mate  Palfy,context,added,1
91,10.1101/2020.02.13.20022806,Mate  Palfy,context,added,1
91,10.1101/2020.02.13.20022806,Dey   Gautam,results,removed,1
91,10.1101/2020.02.13.20022806,jonathon coates,results,effect,-1
91,10.1101/2020.02.13.20022806,jonathon coates,results,effect,1
91,10.1101/2020.02.13.20022806,Mate  Palfy,results,added,1
91,10.1101/2020.02.13.20022806,Jessica  Polka,results,effect,1
91,10.1101/2020.02.13.20022806,Dey   Gautam,results,effect,-1
91,10.1101/2020.02.13.20022806,jonathon coates,results,removed,1
92,10.1101/2020.02.13.945485,Jessica  Polka,context,added,1
92,10.1101/2020.02.13.945485,Jessica  Polka,context,stat,-1
92,10.1101/2020.02.13.945485,Mate  Palfy,context,stat,-1
92,10.1101/2020.02.13.945485,Dey   Gautam,context,nounchange,1
92,10.1101/2020.02.13.945485,Mate  Palfy,results,stat,-1
92,10.1101/2020.02.13.945485,Mate  Palfy,conclusions,nounchange,1
94,10.1101/2020.02.15.20023374,Dey   Gautam,context,removed,1
94,10.1101/2020.02.15.20023374,Jessica  Polka,context,removed,1
94,10.1101/2020.02.15.20023374,Mate  Palfy,results,removed,1
94,10.1101/2020.02.15.20023374,jonathon coates,results,stat,-1
94,10.1101/2020.02.15.20023374,Mate  Palfy,results,removed,1
94,10.1101/2020.02.15.20023374,jonathon coates,results,stat,-1
94,10.1101/2020.02.15.20023374,Jessica  Polka,results,removed,1
94,10.1101/2020.02.15.20023374,Dey   Gautam,results,removed,1
95,10.1101/2020.02.16.20023671,jonathon coates,results,stat,1
95,10.1101/2020.02.16.20023671,Jessica  Polka,results,added,1
95,10.1101/2020.02.16.20023671,Mate  Palfy,results,added,1
95,10.1101/2020.02.16.20023671,jonathon coates,results,stat,1
95,10.1101/2020.02.16.20023671,Jessica  Polka,results,added,1
95,10.1101/2020.02.16.20023671,Mate  Palfy,results,added,1
95,10.1101/2020.02.16.20023671,Jessica  Polka,results,added,1
95,10.1101/2020.02.16.20023671,jonathon coates,results,stat,1
95,10.1101/2020.02.16.20023671,Dey   Gautam,results,added,1
95,10.1101/2020.02.16.20023671,Dey   Gautam,results,stat,1
95,10.1101/2020.02.16.20023671,jonathon coates,results,stat,1
95,10.1101/2020.02.16.20023671,Jessica  Polka,results,added,2
95,10.1101/2020.02.16.20023671,Mate  Palfy,results,added,1
95,10.1101/2020.02.16.20023671,jonathon coates,results,stat,1
95,10.1101/2020.02.16.20023671,Dey   Gautam,results,added,1
95,10.1101/2020.02.16.20023671,Mate  Palfy,results,added,1
95,10.1101/2020.02.16.20023671,Jessica  Polka,results,stat,1
95,10.1101/2020.02.16.20023671,jonathon coates,results,added,1
95,10.1101/2020.02.16.20023671,Mate  Palfy,conclusions,added,2
95,10.1101/2020.02.16.20023671,Jessica  Polka,conclusions,added,2
97,10.1101/2020.02.17.952903,Jessica  Polka,context,effect,1
97,10.1101/2020.02.17.952903,Jessica  Polka,context,removed,1
97,10.1101/2020.02.17.952903,Jessica  Polka,context,nounchange,1
97,10.1101/2020.02.17.952903,Mate  Palfy,results,stat,1
97,10.1101/2020.02.17.952903,Jessica  Polka,conclusions,stat,-1
97,10.1101/2020.02.17.952903,Mate  Palfy,results,stat,1
97,10.1101/2020.02.17.952903,Jessica  Polka,context,removed,1
97,10.1101/2020.02.17.952903,Jessica  Polka,results,stat,-1
97,10.1101/2020.02.17.952903,Jessica  Polka,results,stat,-1
97,10.1101/2020.02.17.952903,Mate  Palfy,results,nounchange,1
97,10.1101/2020.02.17.952903,Dey   Gautam,conclusions,effect,-1
97,10.1101/2020.02.17.952903,Jessica  Polka,results,stat,1
97,10.1101/2020.02.17.952903,Mate  Palfy,conclusions,effect,-1
97,10.1101/2020.02.17.952903,Jessica  Polka,results,stat,-1
97,10.1101/2020.02.17.952903,jonathon coates,results,nounchange,1
97,10.1101/2020.02.17.952903,Dey   Gautam,conclusions,effect,-1
97,10.1101/2020.02.17.952903,Mate  Palfy,results,effect,-1
97,10.1101/2020.02.17.952903,Jessica  Polka,results,stat,1
97,10.1101/2020.02.17.952903,jonathon coates,results,nounchange,1
97,10.1101/2020.02.17.952903,Mate  Palfy,conclusions,effect,1
97,10.1101/2020.02.17.952903,jonathon coates,results,effect,1
97,10.1101/2020.02.17.952903,jonathon coates,context,stat,1
97,10.1101/2020.02.17.952903,Jessica  Polka,context,removed,1
97,10.1101/2020.02.17.952903,Mate  Palfy,conclusions,effect,-1
97,10.1101/2020.02.17.952903,Jessica  Polka,results,stat,-1
97,10.1101/2020.02.17.952903,Jessica  Polka,results,removed,1
97,10.1101/2020.02.17.952903,Jessica  Polka,results,effect,-1
97,10.1101/2020.02.17.952903,Mate  Palfy,results,removed,1
97,10.1101/2020.02.17.952903,Jessica  Polka,conclusions,stat,-1
98,10.1101/2020.02.19.20025452,Jessica  Polka,results,stat,-1
98,10.1101/2020.02.19.20025452,jonathon coates,results,removed,1
98,10.1101/2020.02.19.20025452,Mate  Palfy,results,removed,1
98,10.1101/2020.02.19.20025452,Jessica  Polka,results,removed,1
98,10.1101/2020.02.19.20025452,jonathon coates,results,stat,1
99,10.1101/2020.02.19.956581,jonathon coates,context,effect,1
99,10.1101/2020.02.19.956581,Jessica  Polka,context,effect,1
99,10.1101/2020.02.19.956581,jonathon coates,context,effect,1
99,10.1101/2020.02.19.956581,Jessica  Polka,context,effect,1
99,10.1101/2020.02.19.956581,Dey   Gautam,context,effect,1
99,10.1101/2020.02.19.956581,Jessica  Polka,context,removed,1
99,10.1101/2020.02.19.956581,Jessica  Polka,results,removed,2
99,10.1101/2020.02.19.956581,jonathon coates,results,removed,1
99,10.1101/2020.02.19.956581,Mate  Palfy,results,removed,2
100,10.1101/2020.02.20.20025619,Jessica  Polka,results,nounchange,1
101,10.1101/2020.02.20.20025866,jonathon coates,results,effect,-1
101,10.1101/2020.02.20.20025866,Mate  Palfy,results,effect,-1
101,10.1101/2020.02.20.20025866,jonathon coates,results,stat,1
101,10.1101/2020.02.20.20025866,Dey   Gautam,results,effect,-1
102,10.1101/2020.02.21.20026187,Jessica  Polka,context,added,1
102,10.1101/2020.02.21.20026187,jonathon coates,context,removed,1
102,10.1101/2020.02.21.20026187,Jessica  Polka,context,removed,1
102,10.1101/2020.02.21.20026187,Dey   Gautam,context,added,1
104,10.1101/2020.02.23.20026856,jonathon coates,context,added,1
104,10.1101/2020.02.23.20026856,jonathon coates,context,added,1
104,10.1101/2020.02.23.20026856,Dey   Gautam,results,nounchange,1
104,10.1101/2020.02.23.20026856,jonathon coates,results,removed,1
104,10.1101/2020.02.23.20026856,Mate  Palfy,conclusions,nounchange,1
104,10.1101/2020.02.23.20026856,jonathon coates,conclusions,removed,1
105,10.1101/2020.02.24.20027649,Jessica  Polka,results,added,1
105,10.1101/2020.02.24.20027649,Dey   Gautam,results,added,1
105,10.1101/2020.02.24.20027649,Jessica  Polka,results,removed,1
105,10.1101/2020.02.24.20027649,Mate  Palfy,results,removed,1
105,10.1101/2020.02.24.20027649,jonathon coates,results,added,1
105,10.1101/2020.02.24.20027649,Jessica  Polka,results,added,1
105,10.1101/2020.02.24.20027649,Mate  Palfy,results,added,1
105,10.1101/2020.02.24.20027649,Dey   Gautam,conclusions,nounchange,1
106,10.1101/2020.02.26.20026971,Mate  Palfy,context,removed,1
106,10.1101/2020.02.26.20026971,Mate  Palfy,results,removed,1
106,10.1101/2020.02.26.20026971,Mate  Palfy,results,removed,1
106,10.1101/2020.02.26.20026971,Mate  Palfy,results,removed,1
106,10.1101/2020.02.26.20026971,jonathon coates,results,removed,1
106,10.1101/2020.02.26.20026971,jonathon coates,results,effect,-1
106,10.1101/2020.02.26.20026971,jonathon coates,results,stat,1
106,10.1101/2020.02.26.20026971,jonathon coates,results,stat,1
106,10.1101/2020.02.26.20026971,Jessica  Polka,results,nounchange,1
106,10.1101/2020.02.26.20026971,Jessica  Polka,results,removed,1
106,10.1101/2020.02.26.20026971,jonathon coates,results,stat,1
106,10.1101/2020.02.26.20026971,jonathon coates,results,removed,1
106,10.1101/2020.02.26.20026971,Mate  Palfy,results,removed,1
106,10.1101/2020.02.26.20026971,Jessica  Polka,results,effect,-1
106,10.1101/2020.02.26.20026971,jonathon coates,results,effect,-1
106,10.1101/2020.02.26.20026971,Jessica  Polka,results,nounchange,1
106,10.1101/2020.02.26.20026971,jonathon coates,results,effect,-1
106,10.1101/2020.02.26.20026971,Mate  Palfy,results,effect,-1
106,10.1101/2020.02.26.20026971,Jessica  Polka,results,stat,1
106,10.1101/2020.02.26.20026971,Mate  Palfy,results,added,1
106,10.1101/2020.02.26.20026971,Dey   Gautam,results,stat,-1
106,10.1101/2020.02.26.20026971,Mate  Palfy,results,stat,1
106,10.1101/2020.02.26.20026971,Jessica  Polka,results,added,1
106,10.1101/2020.02.26.20026971,jonathon coates,results,stat,1
106,10.1101/2020.02.26.20026971,Mate  Palfy,results,stat,1
106,10.1101/2020.02.26.20026971,Mate  Palfy,results,stat,1
106,10.1101/2020.02.26.20026971,Mate  Palfy,results,stat,1
106,10.1101/2020.02.26.20026971,Jessica  Polka,results,added,1
106,10.1101/2020.02.26.20026971,jonathon coates,results,added,1
106,10.1101/2020.02.26.20026971,Jessica  Polka,results,stat,1
106,10.1101/2020.02.26.20026971,Dey   Gautam,results,stat,-1
106,10.1101/2020.02.26.20026971,Mate  Palfy,conclusions,stat,1
106,10.1101/2020.02.26.20026971,jonathon coates,results,effect,1
106,10.1101/2020.02.26.20026971,Jessica  Polka,conclusions,added,1
106,10.1101/2020.02.26.20026971,Dey   Gautam,conclusions,added,1
106,10.1101/2020.02.26.20026971,Jessica  Polka,conclusions,added,1
106,10.1101/2020.02.26.20026971,Jessica  Polka,conclusions,added,1
106,10.1101/2020.02.26.20026971,Mate  Palfy,conclusions,added,1
106,10.1101/2020.02.26.20026971,Dey   Gautam,conclusions,nounchange,1
107,10.1101/2020.02.26.20028308,jonathon coates,context,added,1
107,10.1101/2020.02.26.20028308,Jessica  Polka,context,added,1
108,10.1101/2020.02.26.964882,Mate  Palfy,results,removed,1
108,10.1101/2020.02.26.964882,jonathon coates,results,effect,-1
108,10.1101/2020.02.26.964882,Jessica  Polka,results,removed,1
108,10.1101/2020.02.26.964882,Jessica  Polka,results,effect,-1
108,10.1101/2020.02.26.964882,Jessica  Polka,results,removed,1
108,10.1101/2020.02.26.964882,Jessica  Polka,results,removed,1
108,10.1101/2020.02.26.964882,jonathon coates,results,effect,1
108,10.1101/2020.02.26.964882,Dey   Gautam,results,effect,-1
108,10.1101/2020.02.26.964882,Mate  Palfy,results,effect,-1
108,10.1101/2020.02.26.964882,Mate  Palfy,results,stat,-1
108,10.1101/2020.02.26.964882,Jessica  Polka,results,stat,-1
108,10.1101/2020.02.26.964882,Jessica  Polka,conclusions,stat,-1
108,10.1101/2020.02.26.964882,Dey   Gautam,conclusions,effect,-1
108,10.1101/2020.02.26.964882,Dey   Gautam,results,stat,-1
109,10.1101/2020.02.27.20028639,Dey   Gautam,context,added,1
109,10.1101/2020.02.27.20028639,Jessica  Polka,results,effect,-1
109,10.1101/2020.02.27.20028639,Dey   Gautam,context,added,1
109,10.1101/2020.02.27.20028639,Jessica  Polka,results,effect,1
109,10.1101/2020.02.27.20028639,Dey   Gautam,conclusions,effect,-1
109,10.1101/2020.02.27.20028639,jonathon coates,results,added,1
109,10.1101/2020.02.27.20028639,Mate  Palfy,results,stat,-1
109,10.1101/2020.02.27.20028639,jonathon coates,conclusions,added,1
109,10.1101/2020.02.27.20028639,Jessica  Polka,context,added,1
110,10.1101/2020.02.27.20028829,jonathon coates,context,effect,1
110,10.1101/2020.02.27.20028829,jonathon coates,context,effect,1
110,10.1101/2020.02.27.20028829,Dey   Gautam,context,effect,1
110,10.1101/2020.02.27.20028829,Jessica  Polka,results,added,1
110,10.1101/2020.02.27.20028829,jonathon coates,results,added,1
110,10.1101/2020.02.27.20028829,Mate  Palfy,results,added,1
110,10.1101/2020.02.27.20028829,Mate  Palfy,results,added,1
110,10.1101/2020.02.27.20028829,Dey   Gautam,results,added,2
110,10.1101/2020.02.27.20028829,Dey   Gautam,conclusions,added,1
110,10.1101/2020.02.27.20028829,jonathon coates,results,added,1
110,10.1101/2020.02.27.20028829,Jessica  Polka,results,added,2
110,10.1101/2020.02.27.20028829,jonathon coates,results,added,1
110,10.1101/2020.02.27.20028829,Dey   Gautam,results,added,1
110,10.1101/2020.02.27.20028829,Mate  Palfy,results,added,2
110,10.1101/2020.02.27.20028829,Jessica  Polka,results,added,1
111,10.1101/2020.02.27.967760,jonathon coates,context,effect,1
111,10.1101/2020.02.27.967760,Jessica  Polka,conclusions,added,2
111,10.1101/2020.02.27.967760,jonathon coates,conclusions,added,1
111,10.1101/2020.02.27.967760,Mate  Palfy,conclusions,added,2
111,10.1101/2020.02.27.967760,Dey   Gautam,conclusions,effect,-1
111,10.1101/2020.02.27.967760,Jessica  Polka,conclusions,stat,-1
112,10.1101/2020.02.29.20029322,Dey   Gautam,context,added,1
112,10.1101/2020.02.29.20029322,Jessica  Polka,results,removed,2
112,10.1101/2020.02.29.20029322,Mate  Palfy,results,removed,2
112,10.1101/2020.02.29.20029322,jonathon coates,results,stat,1
112,10.1101/2020.02.29.20029322,jonathon coates,results,stat,1
112,10.1101/2020.02.29.20029322,Mate  Palfy,results,removed,1
112,10.1101/2020.02.29.20029322,Jessica  Polka,results,removed,1
112,10.1101/2020.02.29.20029322,jonathon coates,results,stat,1
112,10.1101/2020.02.29.20029322,jonathon coates,results,stat,1
112,10.1101/2020.02.29.20029322,Dey   Gautam,results,stat,2
112,10.1101/2020.02.29.20029322,jonathon coates,results,removed,1
112,10.1101/2020.02.29.20029322,Jessica  Polka,results,removed,1
113,10.1101/2020.02.29.20029462,Dey   Gautam,context,added,1
113,10.1101/2020.02.29.20029462,Mate  Palfy,results,removed,1
113,10.1101/2020.02.29.20029462,Jessica  Polka,context,removed,1
113,10.1101/2020.02.29.20029462,Mate  Palfy,results,effect,1
113,10.1101/2020.02.29.20029462,Jessica  Polka,results,stat,-1
113,10.1101/2020.02.29.20029462,Mate  Palfy,results,removed,1
113,10.1101/2020.02.29.20029462,Jessica  Polka,conclusions,added,1
113,10.1101/2020.02.29.20029462,Dey   Gautam,conclusions,added,1
114,10.1101/2020.02.29.965418,Mate  Palfy,results,added,1
114,10.1101/2020.02.29.965418,Dey   Gautam,results,added,1
114,10.1101/2020.02.29.965418,jonathon coates,results,added,1
114,10.1101/2020.02.29.965418,jonathon coates,results,added,1
114,10.1101/2020.02.29.965418,Dey   Gautam,results,added,1
116,10.1101/2020.03.02.20030189,Jessica  Polka,results,stat,-1
116,10.1101/2020.03.02.20030189,Dey   Gautam,conclusions,added,1
117,10.1101/2020.03.02.20030320,Mate  Palfy,results,added,1
119,10.1101/2020.03.05.20031773,Jessica  Polka,results,effect,1
119,10.1101/2020.03.05.20031773,Jessica  Polka,results,effect,-1
119,10.1101/2020.03.05.20031773,Mate  Palfy,results,effect,1
119,10.1101/2020.03.05.20031773,jonathon coates,results,stat,-1
119,10.1101/2020.03.05.20031773,Dey   Gautam,results,effect,1
119,10.1101/2020.03.05.20031773,Jessica  Polka,conclusions,effect,1
119,10.1101/2020.03.05.20031773,jonathon coates,results,stat,-1
119,10.1101/2020.03.05.20031773,Jessica  Polka,conclusions,effect,-1
119,10.1101/2020.03.05.20031773,Mate  Palfy,results,effect,1
119,10.1101/2020.03.05.20031773,jonathon coates,results,stat,1
120,10.1101/2020.03.06.20032193,Jessica  Polka,conclusions,added,1
120,10.1101/2020.03.06.20032193,Jessica  Polka,conclusions,added,1
120,10.1101/2020.03.06.20032193,jonathon coates,conclusions,added,1
121,10.1101/2020.03.06.977876,Dey   Gautam,context,added,1
121,10.1101/2020.03.06.977876,jonathon coates,results,removed,1
122,10.1101/2020.03.07.20031575,Jessica  Polka,context,stat,-1
122,10.1101/2020.03.07.20031575,Jessica  Polka,context,added,1
122,10.1101/2020.03.07.20031575,Dey   Gautam,context,added,1
122,10.1101/2020.03.07.20031575,Mate  Palfy,context,added,1
122,10.1101/2020.03.07.20031575,Jessica  Polka,context,added,1
122,10.1101/2020.03.07.20031575,Jessica  Polka,results,nounchange,1
122,10.1101/2020.03.07.20031575,Jessica  Polka,results,stat,1
122,10.1101/2020.03.07.20031575,jonathon coates,results,stat,1
122,10.1101/2020.03.07.20031575,Dey   Gautam,results,added,1
122,10.1101/2020.03.07.20031575,jonathon coates,results,stat,1
122,10.1101/2020.03.07.20031575,Jessica  Polka,results,stat,1
122,10.1101/2020.03.07.20031575,Mate  Palfy,results,stat,1
122,10.1101/2020.03.07.20031575,jonathon coates,results,added,1
122,10.1101/2020.03.07.20031575,Mate  Palfy,results,added,1
122,10.1101/2020.03.07.20031575,Jessica  Polka,conclusions,stat,-1
122,10.1101/2020.03.07.20031575,Dey   Gautam,conclusions,effect,-1
122,10.1101/2020.03.07.20031575,jonathon coates,conclusions,effect,-1
123,10.1101/2020.03.08.20032946,Jessica  Polka,results,added,1
123,10.1101/2020.03.08.20032946,jonathon coates,context,effect,1
123,10.1101/2020.03.08.20032946,Jessica  Polka,results,added,1
123,10.1101/2020.03.08.20032946,Jessica  Polka,results,stat,1
123,10.1101/2020.03.08.20032946,Mate  Palfy,results,added,1
123,10.1101/2020.03.08.20032946,Jessica  Polka,context,added,1
123,10.1101/2020.03.08.20032946,Mate  Palfy,results,added,1
123,10.1101/2020.03.08.20032946,Jessica  Polka,results,added,1
123,10.1101/2020.03.08.20032946,Dey   Gautam,results,added,2
123,10.1101/2020.03.08.20032946,Mate  Palfy,results,added,1
123,10.1101/2020.03.08.20032946,Jessica  Polka,results,stat,-1
123,10.1101/2020.03.08.20032946,Mate  Palfy,conclusions,added,2
123,10.1101/2020.03.08.20032946,Jessica  Polka,context,added,1
123,10.1101/2020.03.08.20032946,jonathon coates,results,added,1
123,10.1101/2020.03.08.20032946,Mate  Palfy,conclusions,added,1
123,10.1101/2020.03.08.20032946,Jessica  Polka,results,added,1
123,10.1101/2020.03.08.20032946,Jessica  Polka,results,added,1
123,10.1101/2020.03.08.20032946,Jessica  Polka,conclusions,added,2
123,10.1101/2020.03.08.20032946,Jessica  Polka,conclusions,stat,-1
123,10.1101/2020.03.08.20032946,Jessica  Polka,results,added,1
123,10.1101/2020.03.08.20032946,Jessica  Polka,conclusions,added,2
123,10.1101/2020.03.08.20032946,jonathon coates,conclusions,added,2
123,10.1101/2020.03.08.20032946,Dey   Gautam,conclusions,added,2
124,10.1101/2020.03.09.983064,jonathon coates,context,effect,1
124,10.1101/2020.03.09.983064,Dey   Gautam,context,effect,1
124,10.1101/2020.03.09.983064,jonathon coates,conclusions,effect,1
124,10.1101/2020.03.09.983064,Jessica  Polka,conclusions,stat,1
125,10.1101/2020.03.09.983247,Jessica  Polka,conclusions,stat,1
125,10.1101/2020.03.09.983247,Dey   Gautam,results,effect,1
126,10.1101/2020.03.09.984856,Mate  Palfy,results,removed,2
126,10.1101/2020.03.09.984856,Dey   Gautam,results,removed,2
126,10.1101/2020.03.09.984856,jonathon coates,conclusions,removed,2
127,10.1101/2020.03.10.20033605,Dey   Gautam,results,effect,1
129,10.1101/2020.03.13.20034496,Jessica  Polka,context,removed,1
129,10.1101/2020.03.13.20034496,Jessica  Polka,conclusions,removed,1
129,10.1101/2020.03.13.20034496,jonathon coates,context,removed,1
129,10.1101/2020.03.13.20034496,Mate  Palfy,results,removed,1
129,10.1101/2020.03.13.20034496,jonathon coates,results,added,1
130,10.1101/2020.03.13.20035410,Jessica  Polka,results,effect,-1
130,10.1101/2020.03.13.20035410,Dey   Gautam,results,removed,1
130,10.1101/2020.03.13.20035410,Jessica  Polka,results,added,1
130,10.1101/2020.03.13.20035410,jonathon coates,results,effect,1
130,10.1101/2020.03.13.20035410,Jessica  Polka,results,added,1
130,10.1101/2020.03.13.20035410,jonathon coates,results,effect,1
130,10.1101/2020.03.13.20035410,Jessica  Polka,conclusions,removed,1
131,10.1101/2020.03.13.20035428,jonathon coates,results,stat,1
131,10.1101/2020.03.13.20035428,Dey   Gautam,results,removed,1
131,10.1101/2020.03.13.20035428,Mate  Palfy,results,stat,1
131,10.1101/2020.03.13.20035428,Jessica  Polka,results,stat,1
131,10.1101/2020.03.13.20035428,Dey   Gautam,results,added,1
132,10.1101/2020.03.13.20035485,jonathon coates,results,effect,-1
132,10.1101/2020.03.13.20035485,Jessica  Polka,results,removed,1
132,10.1101/2020.03.13.20035485,Jessica  Polka,results,removed,1
132,10.1101/2020.03.13.20035485,jonathon coates,results,effect,-1
132,10.1101/2020.03.13.20035485,Jessica  Polka,results,stat,1
132,10.1101/2020.03.13.20035485,jonathon coates,results,effect,-1
132,10.1101/2020.03.13.20035485,Jessica  Polka,conclusions,removed,2
132,10.1101/2020.03.13.20035485,Mate  Palfy,results,added,1
132,10.1101/2020.03.13.20035485,Dey   Gautam,results,removed,2
132,10.1101/2020.03.13.20035485,Jessica  Polka,results,stat,-1
132,10.1101/2020.03.13.20035485,jonathon coates,conclusions,added,1
132,10.1101/2020.03.13.20035485,Jessica  Polka,results,removed,1
132,10.1101/2020.03.13.20035485,Dey   Gautam,conclusions,added,2
133,10.1101/2020.03.13.20035568,jonathon coates,context,added,1
133,10.1101/2020.03.13.20035568,jonathon coates,results,effect,-1
133,10.1101/2020.03.13.20035568,Jessica  Polka,results,stat,-1
133,10.1101/2020.03.13.20035568,jonathon coates,results,added,1
133,10.1101/2020.03.13.20035568,Jessica  Polka,results,added,1
133,10.1101/2020.03.13.20035568,jonathon coates,results,added,1
133,10.1101/2020.03.13.20035568,Jessica  Polka,results,added,1
133,10.1101/2020.03.13.20035568,jonathon coates,results,stat,1
133,10.1101/2020.03.13.20035568,Dey   Gautam,results,removed,1
133,10.1101/2020.03.13.20035568,Jessica  Polka,results,added,1
133,10.1101/2020.03.13.20035568,jonathon coates,results,stat,-1
133,10.1101/2020.03.13.20035568,Jessica  Polka,results,added,1
133,10.1101/2020.03.13.20035568,jonathon coates,results,stat,-1
133,10.1101/2020.03.13.20035568,jonathon coates,results,removed,1
133,10.1101/2020.03.13.20035568,Jessica  Polka,results,removed,1
133,10.1101/2020.03.13.20035568,Jessica  Polka,results,added,1
133,10.1101/2020.03.13.20035568,Dey   Gautam,results,effect,1
133,10.1101/2020.03.13.20035568,jonathon coates,results,stat,1
133,10.1101/2020.03.13.20035568,Jessica  Polka,results,stat,-1
133,10.1101/2020.03.13.20035568,Jessica  Polka,conclusions,stat,1
134,10.1101/2020.03.13.991570,jonathon coates,context,effect,1
134,10.1101/2020.03.13.991570,Jessica  Polka,results,nounchange,1
134,10.1101/2020.03.13.991570,Jessica  Polka,results,added,1
134,10.1101/2020.03.13.991570,Mate  Palfy,results,stat,1
134,10.1101/2020.03.13.991570,jonathon coates,results,added,1
134,10.1101/2020.03.13.991570,Jessica  Polka,results,stat,1
134,10.1101/2020.03.13.991570,Jessica  Polka,results,added,1
134,10.1101/2020.03.13.991570,Mate  Palfy,results,added,1
134,10.1101/2020.03.13.991570,Jessica  Polka,results,added,1
135,10.1101/2020.03.14.20036202,Dey   Gautam,results,nounchange,1
135,10.1101/2020.03.14.20036202,Jessica  Polka,results,removed,1
137,10.1101/2020.03.15.20036293,jonathon coates,conclusions,added,1
137,10.1101/2020.03.15.20036293,Dey   Gautam,conclusions,nounchange,1
137,10.1101/2020.03.15.20036293,Jessica  Polka,conclusions,added,1
138,10.1101/2020.03.15.20036350,Dey   Gautam,results,stat,1
139,10.1101/2020.03.15.20036368,Dey   Gautam,context,effect,-1
139,10.1101/2020.03.15.20036368,jonathon coates,results,effect,1
139,10.1101/2020.03.15.20036368,Mate  Palfy,results,removed,1
139,10.1101/2020.03.15.20036368,Dey   Gautam,conclusions,effect,-1
140,10.1101/2020.03.15.20036707,Dey   Gautam,results,stat,1
140,10.1101/2020.03.15.20036707,jonathon coates,results,added,1
140,10.1101/2020.03.15.20036707,Dey   Gautam,context,added,1
143,10.1101/2020.03.16.20035014,Jessica  Polka,conclusions,stat,-1
143,10.1101/2020.03.16.20035014,jonathon coates,conclusions,nounchange,1
144,10.1101/2020.03.16.20037135,jonathon coates,results,added,1
144,10.1101/2020.03.16.20037135,Mate  Palfy,conclusions,stat,-1
144,10.1101/2020.03.16.20037135,Jessica  Polka,conclusions,stat,-1
144,10.1101/2020.03.16.20037135,jonathon coates,conclusions,effect,-1
147,10.1101/2020.03.18.20038059,jonathon coates,results,added,1
148,10.1101/2020.03.19.20038950,Dey   Gautam,context,effect,-1
148,10.1101/2020.03.19.20038950,Dey   Gautam,results,added,2
148,10.1101/2020.03.19.20038950,jonathon coates,results,added,1
148,10.1101/2020.03.19.20038950,jonathon coates,results,effect,1
148,10.1101/2020.03.19.20038950,Dey   Gautam,results,effect,2
148,10.1101/2020.03.19.20038950,Mate  Palfy,results,effect,1
148,10.1101/2020.03.19.20038950,Jessica  Polka,results,effect,1
148,10.1101/2020.03.19.20038950,Jessica  Polka,results,effect,1
148,10.1101/2020.03.19.20038950,jonathon coates,results,effect,1
148,10.1101/2020.03.19.20038950,Dey   Gautam,results,effect,2
149,10.1101/2020.03.21.001933,Dey   Gautam,context,effect,1
150,10.1101/2020.03.22.20040600,Dey   Gautam,context,added,1
151,10.1101/2020.03.24.20041020,Jessica  Polka,context,effect,1
151,10.1101/2020.03.24.20041020,Dey   Gautam,context,effect,1
151,10.1101/2020.03.24.20041020,Jessica  Polka,results,stat,1
151,10.1101/2020.03.24.20041020,jonathon coates,results,effect,1
151,10.1101/2020.03.24.20041020,jonathon coates,results,effect,1
151,10.1101/2020.03.24.20041020,Dey   Gautam,context,effect,1
151,10.1101/2020.03.24.20041020,Mate  Palfy,results,stat,1
151,10.1101/2020.03.24.20041020,Jessica  Polka,results,stat,1
151,10.1101/2020.03.24.20041020,Mate  Palfy,results,stat,1
151,10.1101/2020.03.24.20041020,Jessica  Polka,results,effect,1
151,10.1101/2020.03.24.20041020,Mate  Palfy,results,stat,1
151,10.1101/2020.03.24.20041020,jonathon coates,results,effect,1
151,10.1101/2020.03.24.20041020,Jessica  Polka,results,effect,1
151,10.1101/2020.03.24.20041020,Mate  Palfy,results,added,1
151,10.1101/2020.03.24.20041020,Jessica  Polka,results,nounchange,1
151,10.1101/2020.03.24.20041020,Mate  Palfy,results,added,1
151,10.1101/2020.03.24.20041020,Jessica  Polka,results,added,1
151,10.1101/2020.03.24.20041020,Mate  Palfy,results,added,1
151,10.1101/2020.03.24.20041020,Jessica  Polka,results,removed,1
151,10.1101/2020.03.24.20041020,Mate  Palfy,results,removed,1
151,10.1101/2020.03.24.20041020,Mate  Palfy,results,removed,1
151,10.1101/2020.03.24.20041020,Jessica  Polka,results,removed,1
151,10.1101/2020.03.24.20041020,Mate  Palfy,results,removed,1
151,10.1101/2020.03.24.20041020,Mate  Palfy,results,removed,1
151,10.1101/2020.03.24.20041020,Mate  Palfy,results,added,1
151,10.1101/2020.03.24.20041020,Mate  Palfy,results,added,1
151,10.1101/2020.03.24.20041020,Jessica  Polka,results,added,1
151,10.1101/2020.03.24.20041020,Mate  Palfy,results,stat,-1
151,10.1101/2020.03.24.20041020,jonathon coates,results,effect,-1
151,10.1101/2020.03.24.20041020,Mate  Palfy,results,stat,-1
151,10.1101/2020.03.24.20041020,Dey   Gautam,results,effect,1
151,10.1101/2020.03.24.20041020,jonathon coates,results,effect,-1
151,10.1101/2020.03.24.20041020,Jessica  Polka,results,stat,-1
151,10.1101/2020.03.24.20041020,Jessica  Polka,results,stat,-1
151,10.1101/2020.03.24.20041020,jonathon coates,results,added,1
151,10.1101/2020.03.24.20041020,Dey   Gautam,conclusions,added,1
151,10.1101/2020.03.24.20041020,jonathon coates,conclusions,removed,1
151,10.1101/2020.03.24.20041020,Jessica  Polka,conclusions,added,1
151,10.1101/2020.03.24.20041020,Dey   Gautam,conclusions,added,1
151,10.1101/2020.03.24.20041020,Dey   Gautam,conclusions,added,2
151,10.1101/2020.03.24.20041020,Jessica  Polka,conclusions,added,1
151,10.1101/2020.03.24.20041020,Mate  Palfy,conclusions,added,1
151,10.1101/2020.03.24.20041020,Mate  Palfy,conclusions,added,1
155,10.1101/2020.03.29.20043547,jonathon coates,context,added,1
155,10.1101/2020.03.29.20043547,Jessica  Polka,context,nounchange,1
155,10.1101/2020.03.29.20043547,Dey   Gautam,context,added,1
155,10.1101/2020.03.29.20043547,jonathon coates,results,stat,1
155,10.1101/2020.03.29.20043547,jonathon coates,results,stat,1
155,10.1101/2020.03.29.20043547,Jessica  Polka,results,effect,-1
155,10.1101/2020.03.29.20043547,jonathon coates,results,stat,1
155,10.1101/2020.03.29.20043547,Dey   Gautam,results,stat,1
155,10.1101/2020.03.29.20043547,Jessica  Polka,conclusions,added,1
155,10.1101/2020.03.29.20043547,jonathon coates,conclusions,added,1
160,10.1101/2020.04.02.20051128,Dey   Gautam,context,added,1
160,10.1101/2020.04.02.20051128,Jessica  Polka,context,added,1
160,10.1101/2020.04.02.20051128,Dey   Gautam,conclusions,effect,-1
160,10.1101/2020.04.02.20051128,Mate  Palfy,conclusions,stat,-1
160,10.1101/2020.04.02.20051128,Mate  Palfy,results,removed,1
160,10.1101/2020.04.02.20051128,Jessica  Polka,context,removed,1
160,10.1101/2020.04.02.20051128,Mate  Palfy,context,removed,1
160,10.1101/2020.04.02.20051128,Mate  Palfy,context,removed,1
160,10.1101/2020.04.02.20051128,Jessica  Polka,results,nounchange,1
160,10.1101/2020.04.02.20051128,Dey   Gautam,results,effect,1
160,10.1101/2020.04.02.20051128,jonathon coates,results,effect,1
160,10.1101/2020.04.02.20051128,jonathon coates,conclusions,nounchange,1
160,10.1101/2020.04.02.20051128,Jessica  Polka,conclusions,stat,1
160,10.1101/2020.04.02.20051128,Mate  Palfy,conclusions,stat,1
161,10.1101/2020.04.03.20050195,jonathon coates,results,added,1
161,10.1101/2020.04.03.20050195,Jessica  Polka,context,added,1
163,10.1101/756064,Dey   Gautam,context,added,1
163,10.1101/756064,jonathon coates,context,added,1
163,10.1101/756064,jonathon coates,results,stat,1
163,10.1101/756064,Jessica  Polka,conclusions,removed,1
163,10.1101/756064,Mate  Palfy,conclusions,removed,1
163,10.1101/756064,Jessica  Polka,conclusions,removed,1
164,10.1101/768648,Jessica  Polka,context,added,1
164,10.1101/768648,Mate  Palfy,context,added,1
164,10.1101/768648,Mate  Palfy,results,added,1
164,10.1101/768648,Dey   Gautam,results,added,1
164,10.1101/768648,Jessica  Polka,results,added,1
164,10.1101/768648,jonathon coates,results,removed,1
164,10.1101/768648,Jessica  Polka,results,removed,1
164,10.1101/768648,Mate  Palfy,results,nounchange,1
164,10.1101/768648,Dey   Gautam,results,added,1
164,10.1101/768648,Jessica  Polka,results,removed,1
164,10.1101/768648,Jessica  Polka,conclusions,removed,1
164,10.1101/768648,Jessica  Polka,conclusions,removed,2
164,10.1101/768648,jonathon coates,conclusions,removed,1
164,10.1101/768648,Mate  Palfy,conclusions,removed,1
164,10.1101/768648,Jessica  Polka,conclusions,removed,2
164,10.1101/768648,Dey   Gautam,conclusions,nounchange,1
166,10.1101/774372,Jessica  Polka,results,nounchange,1
167,10.1101/782359,Dey   Gautam,context,added,1
167,10.1101/782359,Jessica  Polka,context,added,1
167,10.1101/782359,Jessica  Polka,context,added,1
167,10.1101/782359,Mate  Palfy,context,added,1
167,10.1101/782359,Dey   Gautam,conclusions,added,1
168,10.1101/782839,Dey   Gautam,context,nounchange,1
168,10.1101/782839,Mate  Palfy,results,stat,1
168,10.1101/782839,Mate  Palfy,results,removed,1
168,10.1101/782839,Jessica  Polka,results,removed,1
168,10.1101/782839,Mate  Palfy,results,added,1
168,10.1101/782839,Mate  Palfy,results,added,1
168,10.1101/782839,Dey   Gautam,results,effect,2
168,10.1101/782839,Dey   Gautam,results,added,2
168,10.1101/782839,Jessica  Polka,results,added,1
168,10.1101/782839,jonathon coates,results,effectreverse,2
169,10.1101/785691,jonathon coates,results,added,1
169,10.1101/785691,Mate  Palfy,conclusions,added,1
171,10.1101/796318,jonathon coates,results,stat,-1
171,10.1101/796318,Mate  Palfy,conclusions,removed,1
171,10.1101/796318,Jessica  Polka,conclusions,removed,1
171,10.1101/796318,Dey   Gautam,results,added,1
171,10.1101/796318,Jessica  Polka,conclusions,removed,1
171,10.1101/796318,Jessica  Polka,conclusions,stat,-1
171,10.1101/796318,Mate  Palfy,conclusions,added,1
171,10.1101/796318,Dey   Gautam,conclusions,effect,-1
173,10.1101/813378,Jessica  Polka,context,removed,1
173,10.1101/813378,Mate  Palfy,context,added,1
173,10.1101/813378,Jessica  Polka,context,added,1
173,10.1101/813378,Mate  Palfy,results,nounchange,1
173,10.1101/813378,Jessica  Polka,results,nounchange,1
173,10.1101/813378,Jessica  Polka,results,removed,1
173,10.1101/813378,Mate  Palfy,results,removed,1
173,10.1101/813378,Jessica  Polka,results,stat,-1
173,10.1101/813378,jonathon coates,conclusions,stat,-1
173,10.1101/813378,Dey   Gautam,results,nounchange,1
173,10.1101/813378,Jessica  Polka,conclusions,added,1
173,10.1101/813378,Dey   Gautam,conclusions,added,1
174,10.1101/815662,Jessica  Polka,context,added,1
174,10.1101/815662,jonathon coates,results,effect,-1
174,10.1101/815662,Mate  Palfy,context,added,1
174,10.1101/815662,Mate  Palfy,results,added,1
177,10.1101/838821,Jessica  Polka,results,added,1
177,10.1101/838821,Jessica  Polka,results,added,1
177,10.1101/838821,Dey   Gautam,results,nounchange,1
177,10.1101/838821,Jessica  Polka,context,removed,1
177,10.1101/838821,Mate  Palfy,conclusions,removed,1
180,10.1101/852541,Dey   Gautam,context,effect,-1
180,10.1101/852541,Jessica  Polka,conclusions,removed,2
180,10.1101/852541,Dey   Gautam,context,added,1
180,10.1101/852541,Mate  Palfy,context,added,1
180,10.1101/852541,Jessica  Polka,context,added,1
180,10.1101/852541,Mate  Palfy,results,stat,1
180,10.1101/852541,Mate  Palfy,results,stat,1
180,10.1101/852541,Mate  Palfy,results,stat,1
180,10.1101/852541,Dey   Gautam,results,added,1
180,10.1101/852541,Mate  Palfy,results,added,1
180,10.1101/852541,Jessica  Polka,results,removed,3
180,10.1101/852541,Dey   Gautam,results,stat,-1
180,10.1101/852541,jonathon coates,results,effect,-1
180,10.1101/852541,Jessica  Polka,results,added,3
180,10.1101/852541,Mate  Palfy,results,effectreverse,3
180,10.1101/852541,Mate  Palfy,conclusions,removed,1
181,10.1101/859892,Jessica  Polka,results,nounchange,1
183,10.1101/865089,Dey   Gautam,context,nounchange,1
184,10.1101/869313,Jessica  Polka,results,added,1
184,10.1101/869313,Jessica  Polka,results,added,1
184,10.1101/869313,Mate  Palfy,results,added,1
