doi,Highest_change,page_id,covid_preprint,annotator,section,label,label+modifier,label_modifier,score,score+modifier,score_modifier
10.1101/19005710,1,1,FALSE,Jessica  Polka,context,nounchange,nounchange,NA,1,1-,-
10.1101/19005710,1,1,FALSE,jonathon coates,context,effect,effect-,-,1,1-,-
10.1101/19005710,1,1,FALSE,Jessica  Polka,conclusions,stat,stat-,-,1,1-,-
10.1101/19006031,1,2,FALSE,Jessica  Polka,context,added,added,NA,1,1-,-
10.1101/19006031,1,2,FALSE,jonathon coates,results,removed,removed,NA,1,1-,-
10.1101/19006031,1,2,FALSE,Mate  Palfy,results,added,added,NA,1,1+,+
10.1101/19006031,1,2,FALSE,jonathon coates,results,stat,stat-,-,1,1-,-
10.1101/19006031,1,2,FALSE,Mate  Palfy,results,removed,removed,NA,1,1-,-
10.1101/19006031,1,2,FALSE,Jessica  Polka,results,nounchange,nounchange,NA,1,1-,-
10.1101/19006031,1,2,FALSE,jonathon coates,results,stat,stat+,+,1,1+,+
10.1101/19006031,1,2,FALSE,Jessica  Polka,results,stat,stat+,+,1,1+,+
10.1101/19006031,1,2,FALSE,Mate  Palfy,results,removed,removed,NA,1,1-,-
10.1101/19006031,1,2,FALSE,Mate  Palfy,conclusions,stat,stat+,+,1,1+,+
10.1101/19006031,1,2,FALSE,Jessica  Polka,conclusions,effect,effect-,-,1,1-,-
10.1101/19006031,1,2,FALSE,Jessica  Polka,conclusions,effect,effect+,+,1,1+,+
10.1101/19006171,1,3,FALSE,Jessica  Polka,context,added,added,NA,1,1,NA
10.1101/19006171,1,3,FALSE,Jessica  Polka,context,nounchange,nounchange,NA,1,1,NA
10.1101/19006171,1,3,FALSE,Mate  Palfy,context,removed,removed,NA,1,1,NA
10.1101/19006171,1,3,FALSE,jonathon coates,context,removed,removed,NA,1,1,NA
10.1101/19006171,1,3,FALSE,Jessica  Polka,conclusions,stat,stat-,-,1,1-,-
10.1101/19006171,1,3,FALSE,Jessica  Polka,context,removed,removed,NA,1,1,NA
10.1101/19006171,1,3,FALSE,jonathon coates,context,added,added,NA,1,1+,+
10.1101/19006171,1,3,FALSE,Jessica  Polka,context,added,added,NA,1,1,NA
10.1101/19006171,1,3,FALSE,jonathon coates,results,removed,removed,NA,1,1,NA
10.1101/19006478,1,4,FALSE,Dey   Gautam,context,added,added,NA,1,1+,+
10.1101/19006478,1,4,FALSE,Mate  Palfy,context,removed,removed,NA,1,1,NA
10.1101/19006478,1,4,FALSE,jonathon coates,results,removed,removed,NA,1,1-,-
10.1101/19006478,1,4,FALSE,Dey   Gautam,context,added,added,NA,1,1+,+
10.1101/19006478,1,4,FALSE,jonathon coates,results,added,added,NA,1,1,NA
10.1101/19006478,1,4,FALSE,jonathon coates,results,stat,stat+,+,1,1,NA
10.1101/19006478,1,4,FALSE,Dey   Gautam,conclusions,added,added,NA,1,1+,+
10.1101/19006502,0,NA,NA,NA,NA,NA,NA,NA,NA,NA,NA
10.1101/19006577,0,NA,NA,NA,NA,NA,NA,NA,NA,NA,NA
10.1101/19006635,1,7,FALSE,Jessica  Polka,context,removed,removed,NA,1,1,NA
10.1101/19006635,1,7,FALSE,Jessica  Polka,context,removed,removed,NA,1,1+,+
10.1101/19006635,1,7,FALSE,Jessica  Polka,context,nounchange,nounchange,NA,1,1,NA
10.1101/19006635,1,7,FALSE,Jessica  Polka,context,stat,stat-,-,1,1-,-
10.1101/19006635,1,7,FALSE,Jessica  Polka,context,removed,removed,NA,1,1-,-
10.1101/19006635,1,7,FALSE,Jessica  Polka,results,stat,stat+,+,1,1+,+
10.1101/19006635,1,7,FALSE,Jessica  Polka,results,stat,stat+,+,1,1+,+
10.1101/19006635,1,7,FALSE,Jessica  Polka,context,removed,removed,NA,1,1,NA
10.1101/19006635,1,7,FALSE,jonathon coates,results,stat,stat+,+,1,1+,+
10.1101/19006650,1,8,FALSE,jonathon coates,results,effect,effect-,-,1,1-,-
10.1101/19006650,1,8,FALSE,Jessica  Polka,conclusions,stat,stat-,-,1,1-,-
10.1101/19006650,1,8,FALSE,Jessica  Polka,conclusions,stat,stat-,-,1,1-,-
10.1101/19006833,2,9,FALSE,Jessica  Polka,context,nounchange,nounchange,NA,1,1,NA
10.1101/19006833,2,9,FALSE,Dey   Gautam,conclusions,added,added,NA,2,2,NA
10.1101/19006957,1,10,FALSE,Dey   Gautam,context,nounchange,nounchange,NA,1,1,NA
10.1101/19006957,1,10,FALSE,Jessica  Polka,conclusions,removed,removed,NA,1,1-,-
10.1101/19006957,1,10,FALSE,Jessica  Polka,results,removed,removed,NA,1,1-,-
10.1101/19006957,1,10,FALSE,jonathon coates,results,effect,effect-,-,1,1-,-
10.1101/19006957,1,10,FALSE,Jessica  Polka,results,added,added,NA,1,1-,-
10.1101/19006957,1,10,FALSE,Jessica  Polka,conclusions,removed,removed,NA,1,1-,-
10.1101/19007013,1,11,FALSE,Jessica  Polka,context,removed,removed,NA,1,1,NA
10.1101/19007013,1,11,FALSE,Jessica  Polka,context,stat,stat-,-,1,1-,-
10.1101/19007013,1,11,FALSE,Dey   Gautam,context,removed,removed,NA,1,1,NA
10.1101/19007013,1,11,FALSE,Mate  Palfy,context,removed,removed,NA,1,1-,-
10.1101/19007013,1,11,FALSE,Mate  Palfy,context,removed,removed,NA,1,1-,-
10.1101/19007013,1,11,FALSE,Jessica  Polka,results,added,added,NA,1,1+,+
10.1101/19007013,1,11,FALSE,Mate  Palfy,context,removed,removed,NA,1,1-,-
10.1101/19007013,1,11,FALSE,Mate  Palfy,context,removed,removed,NA,1,1,NA
10.1101/19007013,1,11,FALSE,Mate  Palfy,context,removed,removed,NA,1,1,NA
10.1101/19007013,1,11,FALSE,Mate  Palfy,results,stat,stat,NA,1,1+,+
10.1101/19007013,1,11,FALSE,jonathon coates,conclusions,added,added,NA,1,1+,+
10.1101/19007013,1,11,FALSE,Jessica  Polka,conclusions,stat,stat-,-,1,1-,-
10.1101/19007013,1,11,FALSE,Jessica  Polka,conclusions,removed,removed,NA,1,1+,+
10.1101/19007021,1,12,FALSE,Jessica  Polka,context,removed,removed,NA,1,1-,-
10.1101/19007021,1,12,FALSE,Mate  Palfy,context,nounchange,nounchange,NA,1,1+,+
10.1101/19007021,1,12,FALSE,Mate  Palfy,results,stat,stat-,-,1,1-,-
10.1101/19007021,1,12,FALSE,Jessica  Polka,conclusions,added,added,NA,1,1+,+
10.1101/19007021,1,12,FALSE,Mate  Palfy,conclusions,added,added,NA,1,1+,+
10.1101/19007021,1,12,FALSE,Mate  Palfy,conclusions,added,added,NA,1,1-,-
10.1101/19007161,1,13,FALSE,Jessica  Polka,results,removed,removed,NA,1,1-,-
10.1101/19007161,1,13,FALSE,Jessica  Polka,results,stat,stat-,-,1,1-,-
10.1101/19007161,1,13,FALSE,Jessica  Polka,context,added,added,NA,1,1,NA
10.1101/19007161,1,13,FALSE,Jessica  Polka,context,added,added,NA,1,1,NA
10.1101/19007161,1,13,FALSE,Mate  Palfy,context,removed,removed,NA,1,1,NA
10.1101/19007161,1,13,FALSE,Mate  Palfy,context,removed,removed,NA,1,1,NA
10.1101/19007161,1,13,FALSE,Mate  Palfy,results,added,added,NA,1,1-,-
10.1101/19007161,1,13,FALSE,Dey   Gautam,conclusions,added,added,NA,1,1+,+
10.1101/19007161,1,13,FALSE,Jessica  Polka,results,added,added,NA,1,1+,+
10.1101/19007161,1,13,FALSE,Jessica  Polka,results,removed,removed,NA,1,1-,-
10.1101/19007401,1,14,FALSE,Jessica  Polka,context,effect,effect-,-,1,1,NA
10.1101/19007401,1,14,FALSE,Jessica  Polka,context,stat,stat-,-,1,1,NA
10.1101/19007401,1,14,FALSE,Jessica  Polka,context,nounchange,nounchange,NA,1,1,NA
10.1101/19007401,1,14,FALSE,Jessica  Polka,results,nounchange,nounchange,NA,1,1+,+
10.1101/19007450,1,15,FALSE,Mate  Palfy,results,stat,stat,NA,1,1-,-
10.1101/19007542,1,16,FALSE,Jessica  Polka,context,removed,removed,NA,1,1,NA
10.1101/19007542,1,16,FALSE,Dey   Gautam,context,nounchange,nounchange,NA,1,1,NA
10.1101/19007542,1,16,FALSE,Jessica  Polka,context,added,added,NA,1,1+,+
10.1101/19007542,1,16,FALSE,Jessica  Polka,results,nounchange,nounchange,NA,1,1+,+
10.1101/19007542,1,16,FALSE,Jessica  Polka,context,removed,removed,NA,1,1,NA
10.1101/19007542,1,16,FALSE,Mate  Palfy,results,added,added,NA,1,1+,+
10.1101/19007542,1,16,FALSE,jonathon coates,results,stat,stat-,-,1,1-,-
10.1101/19007542,1,16,FALSE,Mate  Palfy,context,removed,removed,NA,1,1,NA
10.1101/19007542,1,16,FALSE,jonathon coates,results,stat,stat-,-,1,1-,-
10.1101/19007542,1,16,FALSE,Jessica  Polka,results,added,added,NA,1,1+,+
10.1101/19007666,1,17,FALSE,Jessica  Polka,context,stat,stat-,-,1,1-,-
10.1101/19007666,1,17,FALSE,Jessica  Polka,results,stat,stat-,-,1,1-,-
10.1101/19007666,1,17,FALSE,Dey   Gautam,context,added,added,NA,1,1+,+
10.1101/19007666,1,17,FALSE,jonathon coates,results,stat,stat+,+,1,1+,+
10.1101/19007666,1,17,FALSE,Jessica  Polka,results,stat,stat-,-,1,1-,-
10.1101/19007666,1,17,FALSE,Jessica  Polka,results,stat,stat-,-,1,1-,-
10.1101/19007666,1,17,FALSE,Jessica  Polka,results,stat,stat-,-,1,1-,-
10.1101/19007666,1,17,FALSE,Jessica  Polka,results,stat,stat-,-,1,1-,-
10.1101/19007773,0,NA,NA,NA,NA,NA,NA,NA,NA,NA,NA
10.1101/19007849,1,19,FALSE,Jessica  Polka,context,added,added,NA,1,1,NA
10.1101/19007849,1,19,FALSE,Jessica  Polka,context,removed,removed,NA,1,1,NA
10.1101/19007849,1,19,FALSE,Jessica  Polka,context,added,added,NA,1,1,NA
10.1101/19007849,1,19,FALSE,Jessica  Polka,context,added,added,NA,1,1,NA
10.1101/19007849,1,19,FALSE,Jessica  Polka,context,removed,removed,NA,1,1,NA
10.1101/19007849,1,19,FALSE,Jessica  Polka,context,added,added,NA,1,1,NA
10.1101/19007849,1,19,FALSE,Dey   Gautam,context,added,added,NA,1,1,NA
10.1101/19007849,1,19,FALSE,Jessica  Polka,context,added,added,NA,1,1,NA
10.1101/19007849,1,19,FALSE,Jessica  Polka,context,nounchange,nounchange,NA,1,1-,-
10.1101/19007849,1,19,FALSE,Mate  Palfy,conclusions,added,added,NA,1,1+,+
10.1101/19007849,1,19,FALSE,Jessica  Polka,context,added,added,NA,1,1,NA
10.1101/19007849,1,19,FALSE,Jessica  Polka,context,removed,removed,NA,1,1,NA
10.1101/19007849,1,19,FALSE,Jessica  Polka,context,nounchange,nounchange,NA,1,1-,-
10.1101/19007914,0,NA,NA,NA,NA,NA,NA,NA,NA,NA,NA
10.1101/19008102,1,20,FALSE,Jessica  Polka,conclusions,stat,stat+,+,1,1+,+
10.1101/19008102,1,20,FALSE,Dey   Gautam,conclusions,added,added,NA,1,1+,+
10.1101/19008136,0,NA,NA,NA,NA,NA,NA,NA,NA,NA,NA
10.1101/19008227,0,NA,NA,NA,NA,NA,NA,NA,NA,NA,NA
10.1101/19008276,0,NA,NA,NA,NA,NA,NA,NA,NA,NA,NA
10.1101/19008300,1,24,FALSE,Dey   Gautam,context,removed,removed,NA,1,1,NA
10.1101/19008300,1,24,FALSE,Jessica  Polka,conclusions,nounchange,nounchange,NA,1,1-,-
10.1101/19008300,1,24,FALSE,Jessica  Polka,conclusions,removed,removed,NA,1,1+,+
10.1101/19008300,1,24,FALSE,Jessica  Polka,conclusions,effect,effect+,+,1,1+,+
10.1101/19008300,1,24,FALSE,Jessica  Polka,context,added,added,NA,1,1,NA
10.1101/19008300,1,24,FALSE,Mate  Palfy,results,stat,stat,NA,1,1+,+
10.1101/19008300,1,24,FALSE,Mate  Palfy,results,stat,stat,NA,1,1+,+
10.1101/19008300,1,24,FALSE,Jessica  Polka,results,nounchange,nounchange,NA,1,1,NA
10.1101/19008300,1,24,FALSE,Jessica  Polka,conclusions,removed,removed,NA,1,1-,-
10.1101/19008300,1,24,FALSE,jonathon coates,results,effect,effect-,-,1,1-,-
10.1101/19008300,1,24,FALSE,Dey   Gautam,conclusions,added,added,NA,1,1+,+
10.1101/19008300,1,24,FALSE,Dey   Gautam,results,removed,removed,NA,1,1-,-
10.1101/19008300,1,24,FALSE,Mate  Palfy,conclusions,added,added,NA,1,1+,+
10.1101/19008300,1,24,FALSE,Dey   Gautam,results,added,added,NA,1,1+,+
10.1101/19008300,1,24,FALSE,jonathon coates,conclusions,effect,effect+,+,1,1+,+
10.1101/19008342,0,NA,NA,NA,NA,NA,NA,NA,NA,NA,NA
10.1101/19008367,2,26,FALSE,Jessica  Polka,context,effect,effect-,-,1,1-,-
10.1101/19008367,2,26,FALSE,Mate  Palfy,context,removed,removed,NA,1,1,NA
10.1101/19008367,2,26,FALSE,Jessica  Polka,results,stat,stat+,+,1,1+,+
10.1101/19008367,2,26,FALSE,Jessica  Polka,results,effect,effect+,+,1,1+,+
10.1101/19008367,2,26,FALSE,Jessica  Polka,results,effect,effect-,-,1,1-,-
10.1101/19008367,2,26,FALSE,Mate  Palfy,results,effect,effect-,-,1,1,NA
10.1101/19008367,2,26,FALSE,jonathon coates,results,stat,stat-,-,1,1-,-
10.1101/19008367,2,26,FALSE,jonathon coates,results,stat,stat-,-,1,1-,-
10.1101/19008367,2,26,FALSE,Jessica  Polka,conclusions,added,added,NA,2,2,NA
10.1101/19008615,0,NA,NA,NA,NA,NA,NA,NA,NA,NA,NA
10.1101/19008953,1,28,FALSE,Jessica  Polka,context,added,added,NA,1,1,NA
10.1101/19008953,1,28,FALSE,Jessica  Polka,context,removed,removed,NA,1,1,NA
10.1101/19009472,1,29,FALSE,Mate  Palfy,results,stat,stat,NA,1,1,NA
10.1101/19009472,1,29,FALSE,Mate  Palfy,results,stat,stat,NA,1,1,NA
10.1101/19009472,1,29,FALSE,Mate  Palfy,results,stat,stat,NA,1,1,NA
10.1101/19009472,1,29,FALSE,Jessica  Polka,results,stat,stat,NA,1,1,NA
10.1101/19009472,1,29,FALSE,Jessica  Polka,results,stat,stat,NA,1,1,NA
10.1101/19009522,1,30,FALSE,Jessica  Polka,context,added,added,NA,1,1,NA
10.1101/19009522,1,30,FALSE,jonathon coates,conclusions,removed,removed,NA,1,1,NA
10.1101/19009589,1,31,FALSE,Mate  Palfy,results,nounchange,nounchange,NA,1,1,NA
10.1101/19009647,1,32,FALSE,Jessica  Polka,context,nounchange,nounchange,NA,1,1,NA
10.1101/19010322,0,NA,NA,NA,NA,NA,NA,NA,NA,NA,NA
10.1101/19010462,1,34,FALSE,Dey   Gautam,context,added,added,NA,1,1+,+
10.1101/19010462,1,34,FALSE,Jessica  Polka,context,stat,stat-,-,1,1-,-
10.1101/19010462,1,34,FALSE,Dey   Gautam,results,stat,stat+,+,1,1+,+
10.1101/19010462,1,34,FALSE,Mate  Palfy,results,stat,stat-,-,1,1-,-
10.1101/19010579,1,35,FALSE,Jessica  Polka,context,nounchange,nounchange,NA,1,1,NA
10.1101/19010579,1,35,FALSE,jonathon coates,results,added,added,NA,1,1+,+
10.1101/19010728,1,36,FALSE,Dey   Gautam,context,added,added,NA,1,1+,+
10.1101/19010975,1,37,FALSE,Dey   Gautam,results,stat,stat+,+,1,1+,+
10.1101/19010975,1,37,FALSE,Dey   Gautam,results,stat,stat+,+,1,1+,+
10.1101/19011049,1,38,FALSE,Jessica  Polka,results,effect,effect+,+,1,1+,+
10.1101/19011049,1,38,FALSE,Jessica  Polka,results,stat,stat-,-,1,1-,-
10.1101/19011049,1,38,FALSE,Mate  Palfy,results,added,added,NA,1,1+,+
10.1101/19011064,1,39,FALSE,Jessica  Polka,context,removed,removed,NA,1,1,NA
10.1101/19011064,1,39,FALSE,Jessica  Polka,context,removed,removed,NA,1,1,NA
10.1101/19011064,1,39,FALSE,Jessica  Polka,results,effect,effect-,-,1,1,NA
10.1101/19011064,1,39,FALSE,Jessica  Polka,context,removed,removed,NA,1,1,NA
10.1101/19011064,1,39,FALSE,Jessica  Polka,context,removed,removed,NA,1,1,NA
10.1101/19011064,1,39,FALSE,Jessica  Polka,context,removed,removed,NA,1,1,NA
10.1101/19011064,1,39,FALSE,Jessica  Polka,context,removed,removed,NA,1,1,NA
10.1101/19011064,1,39,FALSE,Jessica  Polka,context,stat,stat+,+,1,1,NA
10.1101/19011064,1,39,FALSE,jonathon coates,results,stat,stat+,+,1,1+,+
10.1101/19011064,1,39,FALSE,Dey   Gautam,results,added,added,NA,1,1+,+
10.1101/19011064,1,39,FALSE,jonathon coates,results,stat,stat+,+,1,1+,+
10.1101/19011064,1,39,FALSE,Mate  Palfy,results,stat,stat-,-,1,1-,-
10.1101/19011064,1,39,FALSE,Jessica  Polka,results,nounchange,nounchange,NA,1,1,NA
10.1101/19011064,1,39,FALSE,Jessica  Polka,results,effect,effect+,+,1,1+,+
10.1101/19011064,1,39,FALSE,Jessica  Polka,results,removed,removed,NA,1,1,NA
10.1101/19011064,1,39,FALSE,Jessica  Polka,results,removed,removed,NA,1,1,NA
10.1101/19011064,1,39,FALSE,Jessica  Polka,results,added,added,NA,1,1+,+
10.1101/19011064,1,39,FALSE,Jessica  Polka,results,stat,stat,NA,1,1+,+
10.1101/19011064,1,39,FALSE,Jessica  Polka,results,effect,effect-,-,1,1-,-
10.1101/19011064,1,39,FALSE,jonathon coates,results,stat,stat+,+,1,1+,+
10.1101/19011064,1,39,FALSE,jonathon coates,results,stat,stat+,+,1,1+,+
10.1101/19011064,1,39,FALSE,Dey   Gautam,results,removed,removed,NA,1,1,NA
10.1101/19011064,1,39,FALSE,Mate  Palfy,conclusions,added,added,NA,1,1+,+
10.1101/19011064,1,39,FALSE,Jessica  Polka,results,added,added,NA,1,1+,+
10.1101/19011064,1,39,FALSE,Mate  Palfy,conclusions,added,added,NA,1,1+,+
10.1101/19011064,1,39,FALSE,Jessica  Polka,conclusions,removed,removed,NA,1,1-,-
10.1101/19011130,1,40,FALSE,Mate  Palfy,results,stat,stat+,+,1,1+,+
10.1101/19011130,1,40,FALSE,Mate  Palfy,results,added,added,NA,1,1+,+
10.1101/19011130,1,40,FALSE,Jessica  Polka,results,stat,stat,NA,1,1,NA
10.1101/19011130,1,40,FALSE,Jessica  Polka,results,added,added,NA,1,1+,+
10.1101/19011130,1,40,FALSE,Mate  Palfy,results,effect,effect-,-,1,1-,-
10.1101/19011130,1,40,FALSE,Mate  Palfy,results,added,added,NA,1,1+,+
10.1101/19011130,1,40,FALSE,Jessica  Polka,results,added,added,NA,1,1+,+
10.1101/19011130,1,40,FALSE,Jessica  Polka,results,stat,stat,NA,1,1,NA
10.1101/19011130,1,40,FALSE,Dey   Gautam,results,stat,stat,NA,1,1,NA
10.1101/19011130,1,40,FALSE,Mate  Palfy,results,added,added,NA,1,1+,+
10.1101/19011130,1,40,FALSE,Mate  Palfy,results,added,added,NA,1,1+,+
10.1101/19011130,1,40,FALSE,Jessica  Polka,results,stat,stat+,+,1,1+,+
10.1101/19011130,1,40,FALSE,jonathon coates,results,stat,stat+,+,1,1+,+
10.1101/19011130,1,40,FALSE,jonathon coates,results,stat,stat-,-,1,1-,-
10.1101/19011130,1,40,FALSE,Jessica  Polka,results,effect,effect-,-,1,1-,-
10.1101/19011130,1,40,FALSE,Jessica  Polka,results,stat,stat+,+,1,1+,+
10.1101/19011130,1,40,FALSE,Jessica  Polka,results,effect,effect-,-,1,1-,-
10.1101/19011130,1,40,FALSE,Jessica  Polka,results,stat,stat+,+,1,1+,+
10.1101/19011213,1,41,FALSE,jonathon coates,context,stat,stat+,+,1,1+,+
10.1101/19011213,1,41,FALSE,jonathon coates,context,stat,stat+,+,1,1+,+
10.1101/19011213,1,41,FALSE,Mate  Palfy,results,stat,stat,NA,1,1,NA
10.1101/19011213,1,41,FALSE,Jessica  Polka,results,stat,stat,NA,1,1+,+
10.1101/19011213,1,41,FALSE,jonathon coates,results,added,added,NA,1,1+,+
10.1101/19011213,1,41,FALSE,Jessica  Polka,results,stat,stat,NA,1,1+,+
10.1101/19011213,1,41,FALSE,jonathon coates,context,stat,stat+,+,1,1+,+
10.1101/19011213,1,41,FALSE,jonathon coates,context,stat,stat+,+,1,1+,+
10.1101/19011213,1,41,FALSE,jonathon coates,results,added,added,NA,1,1+,+
10.1101/19011213,1,41,FALSE,Jessica  Polka,results,effect,effect-,-,1,1-,-
10.1101/19011213,1,41,FALSE,Jessica  Polka,results,effect,effect-,-,1,1-,-
10.1101/19011213,1,41,FALSE,Jessica  Polka,results,effect,effect-,-,1,1-,-
10.1101/19011213,1,41,FALSE,Jessica  Polka,results,effect,effect,NA,1,1-,-
10.1101/19011213,1,41,FALSE,jonathon coates,conclusions,stat,stat+,+,1,1+,+
10.1101/19011452,1,42,FALSE,Jessica  Polka,context,nounchange,nounchange,NA,1,1,NA
10.1101/19011452,1,42,FALSE,Jessica  Polka,context,nounchange,nounchange,NA,1,1,NA
10.1101/19011577,0,NA,NA,NA,NA,NA,NA,NA,NA,NA,NA
10.1101/19011775,0,NA,NA,NA,NA,NA,NA,NA,NA,NA,NA
10.1101/19011957,1,45,FALSE,Jessica  Polka,context,added,added,NA,1,1,NA
10.1101/19012112,1,46,FALSE,Dey   Gautam,results,stat,stat,NA,1,1+,+
10.1101/19012435,0,NA,NA,NA,NA,NA,NA,NA,NA,NA,NA
10.1101/19012823,2,48,FALSE,Dey   Gautam,context,nounchange,nounchange,NA,1,1,NA
10.1101/19012823,2,48,FALSE,Jessica  Polka,results,stat,stat-,-,1,1-,-
10.1101/19012823,2,48,FALSE,Mate  Palfy,results,stat,stat,NA,1,1,NA
10.1101/19012823,2,48,FALSE,Dey   Gautam,results,stat,stat,NA,1,1+,+
10.1101/19012823,2,48,FALSE,Mate  Palfy,results,stat,stat,NA,1,1,NA
10.1101/19012823,2,48,FALSE,Mate  Palfy,results,stat,stat,NA,1,1,NA
10.1101/19012823,2,48,FALSE,Jessica  Polka,results,stat,stat,NA,1,1,NA
10.1101/19012823,2,48,FALSE,Mate  Palfy,conclusions,added,added,NA,2,2,NA
10.1101/19012823,2,48,FALSE,jonathon coates,conclusions,added,added,NA,2,2,NA
10.1101/19012823,2,48,FALSE,Mate  Palfy,conclusions,nounchange,nounchange,NA,1,1,NA
10.1101/19012823,2,48,FALSE,Jessica  Polka,conclusions,nounchange,nounchange,NA,1,1-,-
10.1101/19012880,1,49,FALSE,Dey   Gautam,context,removed,removed,NA,1,1,NA
10.1101/19012880,1,49,FALSE,jonathon coates,context,removed,removed,NA,1,1-,-
10.1101/19012880,1,49,FALSE,Jessica  Polka,context,nounchange,nounchange,NA,1,1,NA
10.1101/19012880,1,49,FALSE,Jessica  Polka,context,removed,removed,NA,1,1,NA
10.1101/19012880,1,49,FALSE,Jessica  Polka,context,removed,removed,NA,1,1,NA
10.1101/19012880,1,49,FALSE,Mate  Palfy,conclusions,nounchange,nounchange,NA,1,1+,+
10.1101/19012880,1,49,FALSE,Jessica  Polka,conclusions,nounchange,nounchange,NA,1,1,NA
10.1101/19013318,0,NA,NA,NA,NA,NA,NA,NA,NA,NA,NA
10.1101/19013656,0,NA,NA,NA,NA,NA,NA,NA,NA,NA,NA
10.1101/2019.12.12.19014696,0,NA,NA,NA,NA,NA,NA,NA,NA,NA,NA
10.1101/2019.12.13.876110,0,NA,NA,NA,NA,NA,NA,NA,NA,NA,NA
10.1101/2019.12.15.877035,0,NA,NA,NA,NA,NA,NA,NA,NA,NA,NA
10.1101/2019.12.17.19014415,0,NA,NA,NA,NA,NA,NA,NA,NA,NA,NA
10.1101/2019.12.17.19015198,1,56,FALSE,Jessica  Polka,context,added,added,NA,1,1,NA
10.1101/2019.12.17.19015198,1,56,FALSE,Jessica  Polka,context,added,added,NA,1,1,NA
10.1101/2019.12.17.19015198,1,56,FALSE,Jessica  Polka,context,added,added,NA,1,1,NA
10.1101/2019.12.17.19015198,1,56,FALSE,Jessica  Polka,context,added,added,NA,1,1,NA
10.1101/2019.12.17.19015198,1,56,FALSE,Jessica  Polka,context,nounchange,nounchange,NA,1,1,NA
10.1101/2019.12.17.19015198,1,56,FALSE,Jessica  Polka,context,nounchange,nounchange,NA,1,1,NA
10.1101/2019.12.17.19015198,1,56,FALSE,Mate  Palfy,context,stat,stat,NA,1,1+,+
10.1101/2019.12.17.19015198,1,56,FALSE,Jessica  Polka,results,added,added,NA,1,1,NA
10.1101/2019.12.17.19015198,1,56,FALSE,Mate  Palfy,results,stat,stat,NA,1,1+,+
10.1101/2019.12.17.19015198,1,56,FALSE,Jessica  Polka,results,nounchange,nounchange,NA,1,1,NA
10.1101/2019.12.17.19015198,1,56,FALSE,Jessica  Polka,conclusions,nounchange,nounchange,NA,1,1,NA
10.1101/2019.12.17.19015198,1,56,FALSE,Mate  Palfy,conclusions,nounchange,nounchange,NA,1,1+,+
10.1101/2019.12.17.880302,0,NA,NA,NA,NA,NA,NA,NA,NA,NA,NA
10.1101/2019.12.18.19014548,0,NA,NA,NA,NA,NA,NA,NA,NA,NA,NA
10.1101/2019.12.18.881391,1,59,FALSE,Jessica  Polka,context,removed,removed,NA,1,1,NA
10.1101/2019.12.18.881391,1,59,FALSE,Jessica  Polka,context,removed,removed,NA,1,1,NA
10.1101/2019.12.18.881391,1,59,FALSE,Jessica  Polka,context,removed,removed,NA,1,1,NA
10.1101/2019.12.18.881391,1,59,FALSE,Jessica  Polka,context,added,added,NA,1,1,NA
10.1101/2019.12.18.881391,1,59,FALSE,Mate  Palfy,results,nounchange,nounchange,NA,1,1-,-
10.1101/2019.12.18.881391,1,59,FALSE,jonathon coates,results,added,added,NA,1,1+,+
10.1101/2019.12.18.881391,1,59,FALSE,jonathon coates,results,added,added,NA,1,1+,+
10.1101/2019.12.18.881391,1,59,FALSE,Mate  Palfy,conclusions,removed,removed,NA,1,1-,-
10.1101/2019.12.19.882274,1,60,FALSE,Jessica  Polka,context,nounchange,nounchange,NA,1,1,NA
10.1101/2019.12.30.19016154,0,NA,NA,NA,NA,NA,NA,NA,NA,NA,NA
10.1101/2020.01.03.20016436,2,62,FALSE,Jessica  Polka,context,nounchange,nounchange,NA,1,1+,+
10.1101/2020.01.03.20016436,2,62,FALSE,Jessica  Polka,context,added,added,NA,1,1,NA
10.1101/2020.01.03.20016436,2,62,FALSE,Jessica  Polka,results,stat,stat-,-,1,1-,-
10.1101/2020.01.03.20016436,2,62,FALSE,Jessica  Polka,results,stat,stat,NA,1,1+,+
10.1101/2020.01.03.20016436,2,62,FALSE,Dey   Gautam,results,added,added,NA,1,1,NA
10.1101/2020.01.03.20016436,2,62,FALSE,Mate  Palfy,results,effect,effect-,-,1,1-,-
10.1101/2020.01.03.20016436,2,62,FALSE,jonathon coates,results,stat,stat-,-,1,1-,-
10.1101/2020.01.03.20016436,2,62,FALSE,Jessica  Polka,results,stat,stat,NA,1,1,NA
10.1101/2020.01.03.20016436,2,62,FALSE,Jessica  Polka,results,stat,stat,NA,1,1+,+
10.1101/2020.01.03.20016436,2,62,FALSE,Jessica  Polka,results,nounchange,nounchange,NA,1,1,NA
10.1101/2020.01.03.20016436,2,62,FALSE,Jessica  Polka,results,stat,stat,NA,1,1+,+
10.1101/2020.01.03.20016436,2,62,FALSE,Mate  Palfy,results,stat,stat,NA,1,1+,+
10.1101/2020.01.03.20016436,2,62,FALSE,Dey   Gautam,results,added,added,NA,2,2,NA
10.1101/2020.01.03.20016436,2,62,FALSE,Jessica  Polka,results,nounchange,nounchange,NA,1,1+,+
10.1101/2020.01.03.20016436,2,62,FALSE,Mate  Palfy,results,added,added,NA,1,1+,+
10.1101/2020.01.03.20016436,2,62,FALSE,Mate  Palfy,context,removed,removed,NA,1,1,NA
10.1101/2020.01.03.20016436,2,62,FALSE,jonathon coates,results,stat,stat-,-,1,1-,-
10.1101/2020.01.03.20016436,2,62,FALSE,Jessica  Polka,results,added,added,NA,1,1+,+
10.1101/2020.01.03.20016436,2,62,FALSE,Mate  Palfy,results,effectreverse,effectreverse,NA,1,1,NA
10.1101/2020.01.03.20016436,2,62,FALSE,jonathon coates,results,added,added,NA,1,1+,+
10.1101/2020.01.03.20016436,2,62,FALSE,Jessica  Polka,conclusions,removed,removed,NA,1,1-,-
10.1101/2020.01.03.20016436,2,62,FALSE,Jessica  Polka,conclusions,nounchange,nounchange,NA,1,1,NA
10.1101/2020.01.05.20016568,0,NA,NA,NA,NA,NA,NA,NA,NA,NA,NA
10.1101/2020.01.07.20016816,0,NA,NA,NA,NA,NA,NA,NA,NA,NA,NA
10.1101/2020.01.07.897496,1,65,FALSE,Jessica  Polka,context,added,added,NA,1,1,NA
10.1101/2020.01.07.897496,1,65,FALSE,Dey   Gautam,context,removed,removed,NA,1,1,NA
10.1101/2020.01.07.897496,1,65,FALSE,Jessica  Polka,context,removed,removed,NA,1,1,NA
10.1101/2020.01.07.897496,1,65,FALSE,Jessica  Polka,context,added,added,NA,1,1,NA
10.1101/2020.01.07.897496,1,65,FALSE,Jessica  Polka,results,nounchange,nounchange,NA,1,1,NA
10.1101/2020.01.13.20016360,1,66,FALSE,Mate  Palfy,conclusions,nounchange,nounchange,NA,1,1,NA
10.1101/2020.01.13.905190,1,67,FALSE,Jessica  Polka,context,added,added,NA,1,1,NA
10.1101/2020.01.13.905190,1,67,FALSE,Jessica  Polka,context,added,added,NA,1,1,NA
10.1101/2020.01.13.905190,1,67,FALSE,Jessica  Polka,context,removed,removed,NA,1,1,NA
10.1101/2020.01.13.905190,1,67,FALSE,Mate  Palfy,conclusions,nounchange,nounchange,NA,1,1,NA
10.1101/2020.01.13.905190,1,67,FALSE,Jessica  Polka,conclusions,removed,removed,NA,1,1,NA
10.1101/2020.01.21.20018101,1,68,FALSE,jonathon coates,conclusions,effect,effect+,+,1,1+,+
10.1101/2020.01.21.914929,1,69,TRUE,Jessica  Polka,conclusions,removed,removed,NA,1,1-,-
10.1101/2020.01.22.914952,1,70,TRUE,Jessica  Polka,context,added,added,NA,1,1,NA
10.1101/2020.01.22.914952,1,70,TRUE,Jessica  Polka,context,effect,effect+,+,1,1,NA
10.1101/2020.01.22.914952,1,70,TRUE,Jessica  Polka,context,added,added,NA,1,1,NA
10.1101/2020.01.22.914952,1,70,TRUE,jonathon coates,context,effect,effect+,+,1,1+,+
10.1101/2020.01.22.914952,1,70,TRUE,Jessica  Polka,context,effect,effect+,+,1,1,NA
10.1101/2020.01.22.914952,1,70,TRUE,jonathon coates,context,effect,effect+,+,1,1+,+
10.1101/2020.01.22.914952,1,70,TRUE,Mate  Palfy,results,effect,effect+,+,1,1,NA
10.1101/2020.01.22.914952,1,70,TRUE,Jessica  Polka,results,nounchange,nounchange,NA,1,1,NA
10.1101/2020.01.22.914952,1,70,TRUE,Jessica  Polka,conclusions,stat,stat-,-,1,1-,-
10.1101/2020.01.22.915660,0,NA,NA,NA,NA,NA,NA,NA,NA,NA,NA
10.1101/2020.01.23.20017566,1,72,FALSE,Jessica  Polka,context,removed,removed,NA,1,1,NA
10.1101/2020.01.23.20017566,1,72,FALSE,Jessica  Polka,context,removed,removed,NA,1,1,NA
10.1101/2020.01.23.20017566,1,72,FALSE,Jessica  Polka,context,removed,removed,NA,1,1,NA
10.1101/2020.01.23.20017566,1,72,FALSE,Dey   Gautam,context,removed,removed,NA,1,1,NA
10.1101/2020.01.23.20017566,1,72,FALSE,jonathon coates,context,removed,removed,NA,1,1-,-
10.1101/2020.01.23.20017566,1,72,FALSE,jonathon coates,results,added,added,NA,1,1+,+
10.1101/2020.01.23.20017566,1,72,FALSE,jonathon coates,results,stat,stat+,+,1,1+,+
10.1101/2020.01.23.20017566,1,72,FALSE,jonathon coates,results,stat,stat+,+,1,1+,+
10.1101/2020.01.23.20017566,1,72,FALSE,Mate  Palfy,results,added,added,NA,1,1+,+
10.1101/2020.01.23.20017566,1,72,FALSE,Jessica  Polka,conclusions,added,added,NA,1,1+,+
10.1101/2020.01.23.916395,1,73,TRUE,Jessica  Polka,context,effect,effect+,+,1,1,NA
10.1101/2020.01.23.916395,1,73,TRUE,Jessica  Polka,conclusions,stat,stat-,-,1,1-,-
10.1101/2020.01.23.916395,1,73,TRUE,Dey   Gautam,results,effect,effect-,-,1,1,NA
10.1101/2020.01.23.916395,1,73,TRUE,Jessica  Polka,context,nounchange,nounchange,NA,1,1,NA
10.1101/2020.01.23.916395,1,73,TRUE,Mate  Palfy,results,effect,effect-,-,1,1,NA
10.1101/2020.01.23.916395,1,73,TRUE,Mate  Palfy,results,stat,stat+,+,1,1+,+
10.1101/2020.01.23.916395,1,73,TRUE,Mate  Palfy,results,effect,effect-,-,1,1,NA
10.1101/2020.01.23.916395,1,73,TRUE,Mate  Palfy,results,stat,stat+,+,1,1+,+
10.1101/2020.01.23.916395,1,73,TRUE,Jessica  Polka,results,stat,stat+,+,1,1+,+
10.1101/2020.01.23.916395,1,73,TRUE,Jessica  Polka,results,added,added,NA,1,1,NA
10.1101/2020.01.23.916395,1,73,TRUE,Dey   Gautam,results,effect,effect-,-,1,1,NA
10.1101/2020.01.24.915157,1,74,TRUE,Jessica  Polka,conclusions,stat,stat+,+,1,1,NA
10.1101/2020.01.24.919159,1,75,TRUE,Mate  Palfy,context,effect,effect,NA,1,1+,+
10.1101/2020.01.24.919159,1,75,TRUE,jonathon coates,context,effect,effect+,+,1,1+,+
10.1101/2020.01.24.919159,1,75,TRUE,Jessica  Polka,context,nounchange,nounchange,NA,1,1,NA
10.1101/2020.01.24.919159,1,75,TRUE,Jessica  Polka,context,nounchange,nounchange,NA,1,1,NA
10.1101/2020.01.24.919159,1,75,TRUE,Mate  Palfy,context,nounchange,nounchange,NA,1,1,NA
10.1101/2020.01.24.919159,1,75,TRUE,Jessica  Polka,context,nounchange,nounchange,NA,1,1,NA
10.1101/2020.01.24.919159,1,75,TRUE,Dey   Gautam,results,effect,effect+,+,1,1,NA
10.1101/2020.01.24.919159,1,75,TRUE,Dey   Gautam,results,stat,stat,NA,1,1,NA
10.1101/2020.01.24.919159,1,75,TRUE,Jessica  Polka,results,effect,effect-,-,1,1-,-
10.1101/2020.01.24.919159,1,75,TRUE,Jessica  Polka,results,stat,stat,NA,1,1+,+
10.1101/2020.01.26.20018754,2,76,TRUE,Mate  Palfy,context,nounchange,nounchange,NA,1,1,NA
10.1101/2020.01.26.20018754,2,76,TRUE,Jessica  Polka,context,removed,removed,NA,1,1,NA
10.1101/2020.01.26.20018754,2,76,TRUE,Jessica  Polka,context,removed,removed,NA,1,1+,+
10.1101/2020.01.26.20018754,2,76,TRUE,Jessica  Polka,context,stat,stat-,-,1,1-,-
10.1101/2020.01.26.20018754,2,76,TRUE,jonathon coates,results,effect,effect+,+,1,1+,+
10.1101/2020.01.26.20018754,2,76,TRUE,Jessica  Polka,results,nounchange,nounchange,NA,1,1,NA
10.1101/2020.01.26.20018754,2,76,TRUE,Dey   Gautam,results,stat,stat,NA,1,1,NA
10.1101/2020.01.26.20018754,2,76,TRUE,Jessica  Polka,results,nounchange,nounchange,NA,1,1,NA
10.1101/2020.01.26.20018754,2,76,TRUE,Jessica  Polka,results,stat,stat-,-,1,1-,-
10.1101/2020.01.26.20018754,2,76,TRUE,Jessica  Polka,results,stat,stat,NA,1,1+,+
10.1101/2020.01.26.20018754,2,76,TRUE,Dey   Gautam,results,added,added,NA,2,2,NA
10.1101/2020.01.26.20018754,2,76,TRUE,Jessica  Polka,conclusions,effect,effect+,+,2,2,NA
10.1101/2020.01.26.20018754,2,76,TRUE,Mate  Palfy,results,effect,effect-,-,1,1,NA
10.1101/2020.01.26.20018754,2,76,TRUE,jonathon coates,results,added,added,NA,1,1+,+
10.1101/2020.01.26.920249,0,NA,NA,NA,NA,NA,NA,NA,NA,NA,NA
10.1101/2020.01.27.20018689,0,NA,NA,NA,NA,NA,NA,NA,NA,NA,NA
10.1101/2020.01.27.20018986,1,79,TRUE,Jessica  Polka,context,nounchange,nounchange,NA,1,1,NA
10.1101/2020.01.27.20018986,1,79,TRUE,Jessica  Polka,context,removed,removed,NA,1,1,NA
10.1101/2020.01.27.20018986,1,79,TRUE,Dey   Gautam,context,effect,effect+,+,1,1,NA
10.1101/2020.01.27.20018986,1,79,TRUE,Jessica  Polka,context,added,added,NA,1,1,NA
10.1101/2020.01.27.20018986,1,79,TRUE,Mate  Palfy,results,effect,effect+,+,1,1,NA
10.1101/2020.01.27.20018986,1,79,TRUE,Dey   Gautam,results,stat,stat,NA,1,1,NA
10.1101/2020.01.27.20018986,1,79,TRUE,Jessica  Polka,results,effect,effect+,+,1,1,NA
10.1101/2020.01.27.20018986,1,79,TRUE,Jessica  Polka,conclusions,stat,stat-,-,1,1-,-
10.1101/2020.01.28.923011,1,80,TRUE,Jessica  Polka,context,effect,effect+,+,1,1,NA
10.1101/2020.01.28.923011,1,80,TRUE,Jessica  Polka,context,effect,effect+,+,1,1,NA
10.1101/2020.01.28.923011,1,80,TRUE,Mate  Palfy,conclusions,stat,stat-,-,1,1-,-
10.1101/2020.01.28.923011,1,80,TRUE,Jessica  Polka,conclusions,stat,stat-,-,1,1-,-
10.1101/2020.01.28.923011,1,80,TRUE,Mate  Palfy,conclusions,stat,stat-,-,1,1-,-
10.1101/2020.01.31.20019901,2,81,TRUE,jonathon coates,context,effect,effect+,+,1,1+,+
10.1101/2020.01.31.20019901,2,81,TRUE,Jessica  Polka,context,nounchange,nounchange,NA,1,1,NA
10.1101/2020.01.31.20019901,2,81,TRUE,Jessica  Polka,context,stat,stat+,+,1,1,NA
10.1101/2020.01.31.20019901,2,81,TRUE,Mate  Palfy,context,added,added,NA,1,1,NA
10.1101/2020.01.31.20019901,2,81,TRUE,Jessica  Polka,context,added,added,NA,1,1,NA
10.1101/2020.01.31.20019901,2,81,TRUE,Jessica  Polka,context,nounchange,nounchange,NA,1,1,NA
10.1101/2020.01.31.20019901,2,81,TRUE,jonathon coates,results,nounchange,nounchange,NA,1,1-,-
10.1101/2020.01.31.20019901,2,81,TRUE,Jessica  Polka,context,added,added,NA,1,1,NA
10.1101/2020.01.31.20019901,2,81,TRUE,Jessica  Polka,context,added,added,NA,1,1,NA
10.1101/2020.01.31.20019901,2,81,TRUE,Dey   Gautam,context,added,added,NA,1,1+,+
10.1101/2020.01.31.20019901,2,81,TRUE,Jessica  Polka,results,nounchange,nounchange,NA,1,1,NA
10.1101/2020.01.31.20019901,2,81,TRUE,Jessica  Polka,results,nounchange,nounchange,NA,2,2,NA
10.1101/2020.01.31.20019901,2,81,TRUE,jonathon coates,results,removed,removed,NA,1,1-,-
10.1101/2020.01.31.20019901,2,81,TRUE,jonathon coates,results,stat,stat+,+,1,1+,+
10.1101/2020.01.31.20019901,2,81,TRUE,jonathon coates,results,stat,stat+,+,1,1+,+
10.1101/2020.01.31.20019901,2,81,TRUE,jonathon coates,results,added,added,NA,1,1+,+
10.1101/2020.01.31.20019901,2,81,TRUE,Dey   Gautam,context,added,added,NA,2,2,NA
10.1101/2020.01.31.20019901,2,81,TRUE,Mate  Palfy,results,effect,effect-,-,1,1,NA
10.1101/2020.01.31.20019901,2,81,TRUE,Jessica  Polka,results,removed,removed,NA,1,1,NA
10.1101/2020.01.31.20019901,2,81,TRUE,Jessica  Polka,results,added,added,NA,1,1,NA
10.1101/2020.01.31.20019901,2,81,TRUE,Jessica  Polka,results,removed,removed,NA,1,1,NA
10.1101/2020.01.31.20019901,2,81,TRUE,Mate  Palfy,conclusions,nounchange,nounchange,NA,2,2,NA
10.1101/2020.01.31.20019901,2,81,TRUE,Jessica  Polka,conclusions,nounchange,nounchange,NA,1,1,NA
10.1101/2020.01.31.20019901,2,81,TRUE,Mate  Palfy,conclusions,nounchange,nounchange,NA,1,1,NA
10.1101/2020.01.31.928796,1,82,TRUE,Jessica  Polka,context,removed,removed,NA,1,1,NA
10.1101/2020.01.31.928796,1,82,TRUE,Jessica  Polka,conclusions,added,added,NA,1,1+,+
10.1101/2020.02.02.931162,1,83,TRUE,jonathon coates,results,added,added,NA,1,1+,+
10.1101/2020.02.02.931162,1,83,TRUE,Jessica  Polka,results,stat,stat+,+,1,1+,+
10.1101/2020.02.02.931162,1,83,TRUE,Jessica  Polka,results,added,added,NA,1,1+,+
10.1101/2020.02.02.931162,1,83,TRUE,Dey   Gautam,results,effect,effect+,+,1,1,NA
10.1101/2020.02.02.931162,1,83,TRUE,Jessica  Polka,results,effect,effect+,+,1,1+,+
10.1101/2020.02.02.931162,1,83,TRUE,Jessica  Polka,results,stat,stat+,+,1,1+,+
10.1101/2020.02.02.931162,1,83,TRUE,Jessica  Polka,results,added,added,NA,1,1+,+
10.1101/2020.02.02.931162,1,83,TRUE,Mate  Palfy,results,added,added,NA,1,1,NA
10.1101/2020.02.02.931162,1,83,TRUE,Jessica  Polka,conclusions,stat,stat-,-,1,1-,-
10.1101/2020.02.02.931162,1,83,TRUE,Jessica  Polka,context,added,added,NA,1,1+,+
10.1101/2020.02.03.20020248,0,NA,NA,NA,NA,NA,NA,NA,NA,NA,NA
10.1101/2020.02.03.933226,1,84,TRUE,Dey   Gautam,context,added,added,NA,1,1+,+
10.1101/2020.02.03.933226,1,84,TRUE,Jessica  Polka,results,stat,stat,NA,1,1,NA
10.1101/2020.02.03.933226,1,84,TRUE,Jessica  Polka,results,nounchange,nounchange,NA,1,1,NA
10.1101/2020.02.04.20020503,0,NA,NA,NA,NA,NA,NA,NA,NA,NA,NA
10.1101/2020.02.06.20020974,2,86,TRUE,Jessica  Polka,context,stat,stat+,+,1,1,NA
10.1101/2020.02.06.20020974,2,86,TRUE,Jessica  Polka,context,nounchange,nounchange,NA,1,1,NA
10.1101/2020.02.06.20020974,2,86,TRUE,Mate  Palfy,context,effect,effect-,-,1,1,NA
10.1101/2020.02.06.20020974,2,86,TRUE,Jessica  Polka,context,added,added,NA,1,1,NA
10.1101/2020.02.06.20020974,2,86,TRUE,Jessica  Polka,context,added,added,NA,1,1,NA
10.1101/2020.02.06.20020974,2,86,TRUE,jonathon coates,context,added,added,NA,1,1+,+
10.1101/2020.02.06.20020974,2,86,TRUE,jonathon coates,results,added,added,NA,1,1+,+
10.1101/2020.02.06.20020974,2,86,TRUE,Mate  Palfy,results,effect,effect-,-,1,1,NA
10.1101/2020.02.06.20020974,2,86,TRUE,Jessica  Polka,context,added,added,NA,1,1,NA
10.1101/2020.02.06.20020974,2,86,TRUE,Jessica  Polka,results,effect,effect+,+,1,1,NA
10.1101/2020.02.06.20020974,2,86,TRUE,Jessica  Polka,results,added,added,NA,1,1+,+
10.1101/2020.02.06.20020974,2,86,TRUE,Jessica  Polka,results,effect,effect+,+,1,1+,+
10.1101/2020.02.06.20020974,2,86,TRUE,Jessica  Polka,results,effect,effect+,+,1,1+,+
10.1101/2020.02.06.20020974,2,86,TRUE,Jessica  Polka,results,added,added,NA,1,1+,+
10.1101/2020.02.06.20020974,2,86,TRUE,Mate  Palfy,results,effect,effect+,+,1,1,NA
10.1101/2020.02.06.20020974,2,86,TRUE,Dey   Gautam,results,stat,stat,NA,1,1+,+
10.1101/2020.02.06.20020974,2,86,TRUE,Mate  Palfy,results,nounchange,nounchange,NA,1,1,NA
10.1101/2020.02.06.20020974,2,86,TRUE,jonathon coates,results,stat,stat-,-,1,1-,-
10.1101/2020.02.06.20020974,2,86,TRUE,Jessica  Polka,results,effect,effect+,+,1,1+,+
10.1101/2020.02.06.20020974,2,86,TRUE,jonathon coates,results,added,added,NA,1,1+,+
10.1101/2020.02.06.20020974,2,86,TRUE,jonathon coates,results,effect,effect+,+,1,1+,+
10.1101/2020.02.06.20020974,2,86,TRUE,Mate  Palfy,conclusions,added,added,NA,1,1,NA
10.1101/2020.02.06.20020974,2,86,TRUE,Jessica  Polka,conclusions,added,added,NA,2,2,NA
10.1101/2020.02.06.20020974,2,86,TRUE,jonathon coates,conclusions,added,added,NA,2,2,NA
10.1101/2020.02.06.20020974,2,86,TRUE,Mate  Palfy,results,removed,removed,NA,2,2,NA
10.1101/2020.02.06.20020974,2,86,TRUE,Jessica  Polka,conclusions,removed,removed,NA,2,2,NA
10.1101/2020.02.10.20021758,1,87,FALSE,Jessica  Polka,context,added,added,NA,1,1,NA
10.1101/2020.02.11.20020735,2,88,TRUE,Jessica  Polka,context,added,added,NA,1,1,NA
10.1101/2020.02.11.20020735,2,88,TRUE,Jessica  Polka,context,added,added,NA,1,1,NA
10.1101/2020.02.11.20020735,2,88,TRUE,Mate  Palfy,context,added,added,NA,2,2,NA
10.1101/2020.02.11.20020735,2,88,TRUE,Mate  Palfy,context,added,added,NA,2,2,NA
10.1101/2020.02.11.20020735,2,88,TRUE,Jessica  Polka,context,added,added,NA,1,1,NA
10.1101/2020.02.11.20020735,2,88,TRUE,Jessica  Polka,results,removed,removed,NA,1,1,NA
10.1101/2020.02.11.20020735,2,88,TRUE,Jessica  Polka,results,removed,removed,NA,1,1,NA
10.1101/2020.02.11.20020735,2,88,TRUE,Jessica  Polka,results,removed,removed,NA,1,1,NA
10.1101/2020.02.11.20020735,2,88,TRUE,Jessica  Polka,results,removed,removed,NA,1,1,NA
10.1101/2020.02.11.20020735,2,88,TRUE,Jessica  Polka,conclusions,removed,removed,NA,1,1,NA
10.1101/2020.02.11.20020735,2,88,TRUE,Jessica  Polka,context,added,added,NA,1,1+,+
10.1101/2020.02.11.20020735,2,88,TRUE,Jessica  Polka,context,added,added,NA,1,1+,+
10.1101/2020.02.11.20020735,2,88,TRUE,Jessica  Polka,results,added,added,NA,1,1+,+
10.1101/2020.02.11.20020735,2,88,TRUE,Mate  Palfy,results,effectreverse,effectreverse,NA,2,2,NA
10.1101/2020.02.11.20020735,2,88,TRUE,Dey   Gautam,results,added,added,NA,2,2,NA
10.1101/2020.02.11.20020735,2,88,TRUE,Mate  Palfy,results,added,added,NA,2,2,NA
10.1101/2020.02.11.20020735,2,88,TRUE,Mate  Palfy,context,added,added,NA,2,2,NA
10.1101/2020.02.11.20020735,2,88,TRUE,Jessica  Polka,results,added,added,NA,1,1+,+
10.1101/2020.02.11.20020735,2,88,TRUE,Mate  Palfy,conclusions,added,added,NA,2,2,NA
10.1101/2020.02.11.20020735,2,88,TRUE,Mate  Palfy,conclusions,added,added,NA,2,2,NA
10.1101/2020.02.11.20020735,2,88,TRUE,Mate  Palfy,conclusions,added,added,NA,2,2,NA
10.1101/2020.02.11.20020735,2,88,TRUE,Mate  Palfy,conclusions,added,added,NA,2,2,NA
10.1101/2020.02.11.20020735,2,88,TRUE,Mate  Palfy,conclusions,added,added,NA,2,2,NA
10.1101/2020.02.11.20022186,2,89,TRUE,Jessica  Polka,context,removed,removed,NA,1,1-,-
10.1101/2020.02.11.20022186,2,89,TRUE,Jessica  Polka,context,added,added,NA,1,1+,+
10.1101/2020.02.11.20022186,2,89,TRUE,Jessica  Polka,context,nounchange,nounchange,NA,1,1,NA
10.1101/2020.02.11.20022186,2,89,TRUE,Jessica  Polka,context,nounchange,nounchange,NA,1,1,NA
10.1101/2020.02.11.20022186,2,89,TRUE,Mate  Palfy,context,added,added,NA,1,1,NA
10.1101/2020.02.11.20022186,2,89,TRUE,Mate  Palfy,context,removed,removed,NA,1,1,NA
10.1101/2020.02.11.20022186,2,89,TRUE,Mate  Palfy,results,added,added,NA,1,1+,+
10.1101/2020.02.11.20022186,2,89,TRUE,Mate  Palfy,results,added,added,NA,1,1+,+
10.1101/2020.02.11.20022186,2,89,TRUE,Mate  Palfy,results,effect,effect+,+,1,1-,-
10.1101/2020.02.11.20022186,2,89,TRUE,Jessica  Polka,results,effect,effect+,+,1,1+,+
10.1101/2020.02.11.20022186,2,89,TRUE,Jessica  Polka,results,effect,effect-,-,1,1+,+
10.1101/2020.02.11.20022186,2,89,TRUE,Jessica  Polka,results,stat,stat-,-,1,1-,-
10.1101/2020.02.11.20022186,2,89,TRUE,Jessica  Polka,results,effect,effect+,+,1,1-,-
10.1101/2020.02.11.20022186,2,89,TRUE,Mate  Palfy,results,effect,effect-,-,1,1-,-
10.1101/2020.02.11.20022186,2,89,TRUE,jonathon coates,results,effect,effect-,-,1,1-,-
10.1101/2020.02.11.20022186,2,89,TRUE,Mate  Palfy,results,nounchange,nounchange,NA,1,1-,-
10.1101/2020.02.11.20022186,2,89,TRUE,Mate  Palfy,conclusions,added,added,NA,1,1,NA
10.1101/2020.02.11.20022186,2,89,TRUE,Jessica  Polka,conclusions,added,added,NA,2,2,NA
10.1101/2020.02.11.20022186,2,89,TRUE,Jessica  Polka,conclusions,added,added,NA,2,2,NA
10.1101/2020.02.11.944462,1,90,TRUE,Jessica  Polka,context,stat,stat-,-,1,1,NA
10.1101/2020.02.11.944462,1,90,TRUE,Jessica  Polka,results,stat,stat-,-,1,1-,-
10.1101/2020.02.11.944462,1,90,TRUE,Mate  Palfy,results,stat,stat-,-,1,1-,-
10.1101/2020.02.13.20022806,1,91,TRUE,Jessica  Polka,context,effect,effect+,+,1,1,NA
10.1101/2020.02.13.20022806,1,91,TRUE,Jessica  Polka,context,effect,effect+,+,1,1,NA
10.1101/2020.02.13.20022806,1,91,TRUE,Mate  Palfy,context,removed,removed,NA,1,1,NA
10.1101/2020.02.13.20022806,1,91,TRUE,Mate  Palfy,context,added,added,NA,1,1+,+
10.1101/2020.02.13.20022806,1,91,TRUE,jonathon coates,results,effect,effect-,-,1,1-,-
10.1101/2020.02.13.20022806,1,91,TRUE,jonathon coates,results,effect,effect+,+,1,1+,+
10.1101/2020.02.13.20022806,1,91,TRUE,jonathon coates,results,removed,removed,NA,1,1-,-
10.1101/2020.02.13.945485,1,92,TRUE,Jessica  Polka,context,added,added,NA,1,1,NA
10.1101/2020.02.13.945485,1,92,TRUE,Mate  Palfy,context,stat,stat-,-,1,1-,-
10.1101/2020.02.13.945485,1,92,TRUE,Mate  Palfy,results,stat,stat-,-,1,1-,-
10.1101/2020.02.13.945485,1,92,TRUE,Mate  Palfy,conclusions,nounchange,nounchange,NA,1,1,NA
10.1101/2020.02.14.20022897,0,NA,NA,NA,NA,NA,NA,NA,NA,NA,NA
10.1101/2020.02.15.20023374,1,94,FALSE,Dey   Gautam,context,removed,removed,NA,1,1,NA
10.1101/2020.02.15.20023374,1,94,FALSE,Jessica  Polka,context,removed,removed,NA,1,1-,-
10.1101/2020.02.15.20023374,1,94,FALSE,Jessica  Polka,results,removed,removed,NA,NA,NA,NA
10.1101/2020.02.16.20023564,0,NA,NA,NA,NA,NA,NA,NA,NA,NA,NA
10.1101/2020.02.16.20023671,2,95,TRUE,Jessica  Polka,results,added,added,NA,1,1+,+
10.1101/2020.02.16.20023671,2,95,TRUE,Jessica  Polka,results,added,added,NA,1,1+,+
10.1101/2020.02.16.20023671,2,95,TRUE,Jessica  Polka,results,added,added,NA,1,1+,+
10.1101/2020.02.16.20023671,2,95,TRUE,Mate  Palfy,results,added,added,NA,1,1+,+
10.1101/2020.02.16.20023671,2,95,TRUE,jonathon coates,results,stat,stat,NA,1,1+,+
10.1101/2020.02.16.20023671,2,95,TRUE,Dey   Gautam,results,added,added,NA,1,1,NA
10.1101/2020.02.16.20023671,2,95,TRUE,Jessica  Polka,conclusions,added,added,NA,2,2,NA
10.1101/2020.02.16.951913,0,NA,NA,NA,NA,NA,NA,NA,NA,NA,NA
10.1101/2020.02.17.20023721,0,NA,NA,NA,NA,NA,NA,NA,NA,NA,NA
10.1101/2020.02.17.952903,1,97,TRUE,Jessica  Polka,context,effect,effect+,+,1,1,NA
10.1101/2020.02.17.952903,1,97,TRUE,Jessica  Polka,context,removed,removed,NA,1,1,NA
10.1101/2020.02.17.952903,1,97,TRUE,Jessica  Polka,context,nounchange,nounchange,NA,1,1,NA
10.1101/2020.02.17.952903,1,97,TRUE,Jessica  Polka,conclusions,stat,stat-,-,1,1+,+
10.1101/2020.02.17.952903,1,97,TRUE,Jessica  Polka,context,removed,removed,NA,1,1,NA
10.1101/2020.02.17.952903,1,97,TRUE,Jessica  Polka,results,stat,stat-,-,1,1-,-
10.1101/2020.02.17.952903,1,97,TRUE,Jessica  Polka,results,stat,stat-,-,1,1-,-
10.1101/2020.02.17.952903,1,97,TRUE,Mate  Palfy,results,nounchange,nounchange,NA,1,1,NA
10.1101/2020.02.17.952903,1,97,TRUE,Jessica  Polka,results,stat,stat+,+,1,1,NA
10.1101/2020.02.17.952903,1,97,TRUE,Jessica  Polka,results,stat,stat-,-,1,1-,-
10.1101/2020.02.17.952903,1,97,TRUE,Jessica  Polka,results,stat,stat+,+,1,1+,+
10.1101/2020.02.17.952903,1,97,TRUE,Mate  Palfy,conclusions,effect,effect+,+,1,1,NA
10.1101/2020.02.17.952903,1,97,TRUE,Jessica  Polka,context,stat,stat+,+,1,1,NA
10.1101/2020.02.17.952903,1,97,TRUE,Jessica  Polka,context,removed,removed,NA,1,1,NA
10.1101/2020.02.17.952903,1,97,TRUE,Jessica  Polka,results,stat,stat-,-,1,1-,-
10.1101/2020.02.17.952903,1,97,TRUE,Jessica  Polka,results,effect,effect-,-,1,1-,-
10.1101/2020.02.17.952903,1,97,TRUE,Mate  Palfy,results,removed,removed,NA,1,1-,-
10.1101/2020.02.17.952903,1,97,TRUE,Jessica  Polka,conclusions,stat,stat-,-,1,1-,-
10.1101/2020.02.18.20021881,0,NA,NA,NA,NA,NA,NA,NA,NA,NA,NA
10.1101/2020.02.19.20025452,1,98,TRUE,Jessica  Polka,results,stat,stat-,-,1,1-,-
10.1101/2020.02.19.20025452,1,98,TRUE,Mate  Palfy,results,removed,removed,NA,1,1-,-
10.1101/2020.02.19.20025452,1,98,TRUE,jonathon coates,results,stat,stat+,+,1,1+,+
10.1101/2020.02.19.956581,2,99,TRUE,Jessica  Polka,context,effect,effect+,+,1,1,NA
10.1101/2020.02.19.956581,2,99,TRUE,Jessica  Polka,context,effect,effect+,+,1,1,NA
10.1101/2020.02.19.956581,2,99,TRUE,Jessica  Polka,context,removed,removed,NA,1,1,NA
10.1101/2020.02.19.956581,2,99,TRUE,Mate  Palfy,context,removed,removed,NA,1,1,NA
10.1101/2020.02.19.956581,2,99,TRUE,Mate  Palfy,results,removed,removed,NA,2,2,NA
10.1101/2020.02.20.20025619,1,100,TRUE,Jessica  Polka,results,nounchange,nounchange,NA,1,1-,-
10.1101/2020.02.20.20025866,1,101,TRUE,Mate  Palfy,context,added,added,NA,1,1,NA
10.1101/2020.02.20.20025866,1,101,TRUE,Mate  Palfy,context,added,added,NA,1,1,NA
10.1101/2020.02.20.20025866,1,101,TRUE,jonathon coates,results,effect,effect-,-,1,1-,-
10.1101/2020.02.20.20025866,1,101,TRUE,jonathon coates,results,stat,stat,NA,1,1+,+
10.1101/2020.02.21.20026187,1,102,TRUE,Jessica  Polka,context,added,added,NA,1,1,NA
10.1101/2020.02.21.20026187,1,102,TRUE,jonathon coates,context,removed,removed,NA,1,1+,+
10.1101/2020.02.21.20026187,1,102,TRUE,Dey   Gautam,context,added,added,NA,1,1,NA
10.1101/2020.02.22.20024927,0,NA,NA,NA,NA,NA,NA,NA,NA,NA,NA
10.1101/2020.02.23.20026856,1,104,TRUE,jonathon coates,context,added,added,NA,1,1+,+
10.1101/2020.02.23.20026856,1,104,TRUE,jonathon coates,context,added,added,NA,1,1+,+
10.1101/2020.02.23.20026856,1,104,TRUE,Dey   Gautam,results,nounchange,nounchange,NA,1,1,NA
10.1101/2020.02.23.20026856,1,104,TRUE,jonathon coates,results,removed,removed,NA,1,1-,-
10.1101/2020.02.23.20026856,1,104,TRUE,Mate  Palfy,conclusions,nounchange,nounchange,NA,1,1-,-
10.1101/2020.02.23.20026856,1,104,TRUE,jonathon coates,conclusions,removed,removed,NA,1,1+,+
10.1101/2020.02.24.20027649,1,105,TRUE,Dey   Gautam,results,added,added,NA,1,1+,+
10.1101/2020.02.24.20027649,1,105,TRUE,Mate  Palfy,results,removed,removed,NA,1,1-,-
10.1101/2020.02.24.20027649,1,105,TRUE,jonathon coates,results,added,added,NA,1,1+,+
10.1101/2020.02.24.20027649,1,105,TRUE,Mate  Palfy,results,added,added,NA,1,1+,+
10.1101/2020.02.24.20027649,1,105,TRUE,Dey   Gautam,conclusions,nounchange,nounchange,NA,1,1,NA
10.1101/2020.02.26.20026971,1,106,TRUE,Mate  Palfy,context,removed,removed,NA,1,1,NA
10.1101/2020.02.26.20026971,1,106,TRUE,Mate  Palfy,results,removed,removed,NA,1,1,NA
10.1101/2020.02.26.20026971,1,106,TRUE,Mate  Palfy,results,removed,removed,NA,1,1,NA
10.1101/2020.02.26.20026971,1,106,TRUE,jonathon coates,results,removed,removed,NA,1,1-,-
10.1101/2020.02.26.20026971,1,106,TRUE,jonathon coates,results,effect,effect-,-,1,1-,-
10.1101/2020.02.26.20026971,1,106,TRUE,jonathon coates,results,stat,stat,NA,1,1-,-
10.1101/2020.02.26.20026971,1,106,TRUE,jonathon coates,results,stat,stat,NA,1,1-,-
10.1101/2020.02.26.20026971,1,106,TRUE,Jessica  Polka,results,nounchange,nounchange,NA,1,1,NA
10.1101/2020.02.26.20026971,1,106,TRUE,jonathon coates,results,stat,stat,NA,1,1-,-
10.1101/2020.02.26.20026971,1,106,TRUE,jonathon coates,results,removed,removed,NA,1,1-,-
10.1101/2020.02.26.20026971,1,106,TRUE,jonathon coates,results,effect,effect-,-,1,1-,-
10.1101/2020.02.26.20026971,1,106,TRUE,jonathon coates,results,effect,effect-,-,1,1-,-
10.1101/2020.02.26.20026971,1,106,TRUE,Mate  Palfy,results,added,added,NA,1,1,NA
10.1101/2020.02.26.20026971,1,106,TRUE,Dey   Gautam,results,stat,stat-,-,1,1,NA
10.1101/2020.02.26.20026971,1,106,TRUE,jonathon coates,results,stat,stat,NA,1,1+,+
10.1101/2020.02.26.20026971,1,106,TRUE,Mate  Palfy,results,stat,stat,NA,1,1+,+
10.1101/2020.02.26.20026971,1,106,TRUE,Jessica  Polka,results,added,added,NA,1,1+,+
10.1101/2020.02.26.20026971,1,106,TRUE,Jessica  Polka,results,stat,stat,NA,1,1+,+
10.1101/2020.02.26.20026971,1,106,TRUE,Jessica  Polka,conclusions,added,added,NA,1,1+,+
10.1101/2020.02.26.20026971,1,106,TRUE,Jessica  Polka,conclusions,added,added,NA,1,1+,+
10.1101/2020.02.26.20026971,1,106,TRUE,Jessica  Polka,conclusions,added,added,NA,1,1+,+
10.1101/2020.02.26.20026971,1,106,TRUE,Dey   Gautam,conclusions,nounchange,nounchange,NA,1,1,NA
10.1101/2020.02.26.20028308,1,107,TRUE,jonathon coates,context,added,added,NA,1,1+,+
10.1101/2020.02.26.20028308,1,107,TRUE,Jessica  Polka,context,added,added,NA,1,1,NA
10.1101/2020.02.26.964882,1,108,TRUE,jonathon coates,results,effect,effect-,-,1,1-,-
10.1101/2020.02.26.964882,1,108,TRUE,Jessica  Polka,results,effect,effect-,-,1,1-,-
10.1101/2020.02.26.964882,1,108,TRUE,Mate  Palfy,results,effect,effect-,-,1,1-,-
10.1101/2020.02.26.964882,1,108,TRUE,Jessica  Polka,results,stat,stat-,-,1,1-,-
10.1101/2020.02.26.964882,1,108,TRUE,Jessica  Polka,conclusions,stat,stat-,-,1,1-,-
10.1101/2020.02.27.20028639,1,109,TRUE,Dey   Gautam,context,added,added,NA,1,1,NA
10.1101/2020.02.27.20028639,1,109,TRUE,Jessica  Polka,results,effect,effect-,-,1,1-,-
10.1101/2020.02.27.20028639,1,109,TRUE,Dey   Gautam,context,added,added,NA,1,1+,+
10.1101/2020.02.27.20028639,1,109,TRUE,Jessica  Polka,results,effect,effect+,+,1,1+,+
10.1101/2020.02.27.20028639,1,109,TRUE,Dey   Gautam,conclusions,effect,effect-,-,1,1,NA
10.1101/2020.02.27.20028639,1,109,TRUE,jonathon coates,results,added,added,NA,1,1-,-
10.1101/2020.02.27.20028639,1,109,TRUE,Jessica  Polka,context,added,added,NA,1,1,NA
10.1101/2020.02.27.20028829,2,110,TRUE,jonathon coates,context,effect,effect+,+,1,1+,+
10.1101/2020.02.27.20028829,2,110,TRUE,jonathon coates,context,effect,effect+,+,1,1+,+
10.1101/2020.02.27.20028829,2,110,TRUE,Jessica  Polka,results,added,added,NA,1,1+,+
10.1101/2020.02.27.20028829,2,110,TRUE,Mate  Palfy,results,added,added,NA,1,1+,+
10.1101/2020.02.27.20028829,2,110,TRUE,Mate  Palfy,results,added,added,NA,1,1+,+
10.1101/2020.02.27.20028829,2,110,TRUE,Dey   Gautam,results,added,added,NA,2,2,NA
10.1101/2020.02.27.20028829,2,110,TRUE,Dey   Gautam,conclusions,added,added,NA,1,1,NA
10.1101/2020.02.27.20028829,2,110,TRUE,Jessica  Polka,results,added,added,NA,2,2+,+
10.1101/2020.02.27.20028829,2,110,TRUE,Jessica  Polka,results,added,added,NA,1,1+,+
10.1101/2020.02.27.967760,2,111,TRUE,jonathon coates,context,effect,effect+,+,1,1+,+
10.1101/2020.02.27.967760,2,111,TRUE,Mate  Palfy,conclusions,added,added,NA,2,2,NA
10.1101/2020.02.27.967760,2,111,TRUE,Jessica  Polka,conclusions,stat,stat-,-,1,1-,-
10.1101/2020.02.29.20029322,2,112,TRUE,Dey   Gautam,context,added,added,NA,1,1,NA
10.1101/2020.02.29.20029322,2,112,TRUE,Mate  Palfy,results,removed,removed,NA,2,2,NA
10.1101/2020.02.29.20029322,2,112,TRUE,Mate  Palfy,results,removed,removed,NA,1,1-,-
10.1101/2020.02.29.20029322,2,112,TRUE,jonathon coates,results,stat,stat,NA,1,1-,-
10.1101/2020.02.29.20029322,2,112,TRUE,jonathon coates,results,stat,stat,NA,1,1-,-
10.1101/2020.02.29.20029322,2,112,TRUE,Jessica  Polka,results,removed,removed,NA,1,1-,-
10.1101/2020.02.29.20029462,1,113,TRUE,Dey   Gautam,context,added,added,NA,1,1,NA
10.1101/2020.02.29.20029462,1,113,TRUE,Mate  Palfy,results,removed,removed,NA,1,1-,-
10.1101/2020.02.29.20029462,1,113,TRUE,Jessica  Polka,context,removed,removed,NA,1,1,NA
10.1101/2020.02.29.20029462,1,113,TRUE,Jessica  Polka,results,stat,stat+,+,1,1-,-
10.1101/2020.02.29.20029462,1,113,TRUE,Mate  Palfy,results,removed,removed,NA,1,1,NA
10.1101/2020.02.29.20029462,1,113,TRUE,Dey   Gautam,conclusions,added,added,NA,1,1,NA
10.1101/2020.02.29.965418,1,114,TRUE,Mate  Palfy,results,added,added,NA,1,1+,+
10.1101/2020.02.29.965418,1,114,TRUE,jonathon coates,results,added,added,NA,1,1+,+
10.1101/2020.03.01.20029074,0,NA,NA,NA,NA,NA,NA,NA,NA,NA,NA
10.1101/2020.03.02.20026708,0,NA,NA,NA,NA,NA,NA,NA,NA,NA,NA
10.1101/2020.03.02.20030189,1,116,TRUE,Jessica  Polka,results,stat,stat-,-,1,1-,-
10.1101/2020.03.02.20030320,0,NA,NA,NA,NA,NA,NA,NA,NA,NA,NA
10.1101/2020.03.02.968388,0,NA,NA,NA,NA,NA,NA,NA,NA,NA,NA
10.1101/2020.03.05.20031773,1,119,TRUE,Jessica  Polka,results,effect,effect+,+,1,1,NA
10.1101/2020.03.05.20031773,1,119,TRUE,Jessica  Polka,results,effect,effect-,-,1,1,NA
10.1101/2020.03.05.20031773,1,119,TRUE,jonathon coates,results,stat,stat-,-,1,1-,-
10.1101/2020.03.05.20031773,1,119,TRUE,Jessica  Polka,conclusions,effect,effect+,+,1,1,NA
10.1101/2020.03.05.20031773,1,119,TRUE,Mate  Palfy,results,effect,effect+,+,1,1,NA
10.1101/2020.03.06.20032193,1,120,FALSE,jonathon coates,conclusions,added,added,NA,1,1,NA
10.1101/2020.03.06.977876,1,121,TRUE,Dey   Gautam,context,added,added,NA,1,1,NA
10.1101/2020.03.06.977876,1,121,TRUE,jonathon coates,results,removed,removed,NA,1,1-,-
10.1101/2020.03.07.20031575,1,122,TRUE,Jessica  Polka,context,stat,stat-,-,1,1-,-
10.1101/2020.03.07.20031575,1,122,TRUE,Jessica  Polka,context,added,added,NA,1,1,NA
10.1101/2020.03.07.20031575,1,122,TRUE,Dey   Gautam,context,added,added,NA,1,1,NA
10.1101/2020.03.07.20031575,1,122,TRUE,Jessica  Polka,results,nounchange,nounchange,NA,1,1+,+
10.1101/2020.03.07.20031575,1,122,TRUE,jonathon coates,results,stat,stat,NA,1,1+,+
10.1101/2020.03.07.20031575,1,122,TRUE,jonathon coates,results,stat,stat,NA,1,1+,+
10.1101/2020.03.07.20031575,1,122,TRUE,jonathon coates,results,added,added,NA,1,1+,+
10.1101/2020.03.07.20031575,1,122,TRUE,Jessica  Polka,conclusions,stat,stat-,-,1,1-,-
10.1101/2020.03.08.20032946,2,123,TRUE,Jessica  Polka,results,added,added,NA,1,1+,+
10.1101/2020.03.08.20032946,2,123,TRUE,Mate  Palfy,results,added,added,NA,1,1+,+
10.1101/2020.03.08.20032946,2,123,TRUE,Jessica  Polka,context,added,added,NA,1,1+,+
10.1101/2020.03.08.20032946,2,123,TRUE,Mate  Palfy,results,added,added,NA,1,1+,+
10.1101/2020.03.08.20032946,2,123,TRUE,Jessica  Polka,results,added,added,NA,1,1+,+
10.1101/2020.03.08.20032946,2,123,TRUE,Jessica  Polka,results,stat,stat-,-,1,1-,-
10.1101/2020.03.08.20032946,2,123,TRUE,Mate  Palfy,conclusions,added,added,NA,2,2,NA
10.1101/2020.03.08.20032946,2,123,TRUE,Jessica  Polka,context,added,added,NA,1,1+,+
10.1101/2020.03.08.20032946,2,123,TRUE,jonathon coates,results,added,added,NA,1,1+,+
10.1101/2020.03.08.20032946,2,123,TRUE,Jessica  Polka,results,added,added,NA,1,1+,+
10.1101/2020.03.08.20032946,2,123,TRUE,Jessica  Polka,conclusions,added,added,NA,2,2,NA
10.1101/2020.03.08.20032946,2,123,TRUE,Jessica  Polka,conclusions,stat,stat-,-,1,1-,-
10.1101/2020.03.08.20032946,2,123,TRUE,Jessica  Polka,results,added,added,NA,1,1+,+
10.1101/2020.03.08.20032946,2,123,TRUE,Jessica  Polka,conclusions,added,added,NA,2,2,NA
10.1101/2020.03.08.20032946,2,123,TRUE,jonathon coates,conclusions,added,added,NA,2,2,NA
10.1101/2020.03.09.20033217,0,NA,NA,NA,NA,NA,NA,NA,NA,NA,NA
10.1101/2020.03.09.983064,1,124,TRUE,jonathon coates,context,effect,effect,NA,1,1+,+
10.1101/2020.03.09.983064,1,124,TRUE,Jessica  Polka,conclusions,stat,stat+,+,1,1+,+
10.1101/2020.03.09.983247,1,125,TRUE,Jessica  Polka,conclusions,stat,stat+,+,1,1+,+
10.1101/2020.03.09.983247,1,125,TRUE,Dey   Gautam,results,effect,effect+,+,1,1,NA
10.1101/2020.03.09.984856,2,126,TRUE,jonathon coates,conclusions,removed,removed,NA,2,2,NA
10.1101/2020.03.10.20033605,1,127,TRUE,Dey   Gautam,results,effect,effect+,+,1,1,NA
10.1101/2020.03.11.20034314,0,NA,NA,NA,NA,NA,NA,NA,NA,NA,NA
10.1101/2020.03.13.20034496,1,129,TRUE,Jessica  Polka,context,removed,removed,NA,1,1-,-
10.1101/2020.03.13.20034496,1,129,TRUE,Jessica  Polka,conclusions,removed,removed,NA,1,1-,-
10.1101/2020.03.13.20034496,1,129,TRUE,jonathon coates,context,removed,removed,NA,1,1-,-
10.1101/2020.03.13.20034496,1,129,TRUE,jonathon coates,results,added,added,NA,1,1+,+
10.1101/2020.03.13.20035410,1,130,TRUE,Jessica  Polka,results,effect,effect-,-,1,1-,-
10.1101/2020.03.13.20035410,1,130,TRUE,Dey   Gautam,results,removed,removed,NA,1,1,NA
10.1101/2020.03.13.20035410,1,130,TRUE,Jessica  Polka,results,added,added,NA,1,1+,+
10.1101/2020.03.13.20035410,1,130,TRUE,Jessica  Polka,results,added,added,NA,1,1+,+
10.1101/2020.03.13.20035410,1,130,TRUE,Jessica  Polka,conclusions,removed,removed,NA,1,1-,-
10.1101/2020.03.13.20035428,1,131,TRUE,jonathon coates,results,stat,stat,NA,1,1+,+
10.1101/2020.03.13.20035485,2,132,TRUE,Jessica  Polka,results,removed,removed,NA,1,1-,-
10.1101/2020.03.13.20035485,2,132,TRUE,Jessica  Polka,results,removed,removed,NA,1,1-,-
10.1101/2020.03.13.20035485,2,132,TRUE,Jessica  Polka,results,stat,stat+,+,1,1+,+
10.1101/2020.03.13.20035485,2,132,TRUE,jonathon coates,results,effect,effect-,-,1,1-,-
10.1101/2020.03.13.20035485,2,132,TRUE,Jessica  Polka,conclusions,removed,removed,NA,2,2,NA
10.1101/2020.03.13.20035485,2,132,TRUE,Dey   Gautam,results,removed,removed,NA,2,2,NA
10.1101/2020.03.13.20035485,2,132,TRUE,jonathon coates,conclusions,added,added,NA,1,1+,+
10.1101/2020.03.13.20035485,2,132,TRUE,Jessica  Polka,results,removed,removed,NA,1,1-,-
10.1101/2020.03.13.20035485,2,132,TRUE,Dey   Gautam,conclusions,added,added,NA,2,2,NA
10.1101/2020.03.13.20035568,1,133,TRUE,jonathon coates,context,added,added,NA,1,1+,+
10.1101/2020.03.13.20035568,1,133,TRUE,Jessica  Polka,results,stat,stat-,-,1,1-,-
10.1101/2020.03.13.20035568,1,133,TRUE,jonathon coates,results,added,added,NA,1,1+,+
10.1101/2020.03.13.20035568,1,133,TRUE,jonathon coates,results,added,added,NA,1,1+,+
10.1101/2020.03.13.20035568,1,133,TRUE,jonathon coates,results,stat,stat+,+,1,1+,+
10.1101/2020.03.13.20035568,1,133,TRUE,Dey   Gautam,results,removed,removed,NA,1,1,NA
10.1101/2020.03.13.20035568,1,133,TRUE,Jessica  Polka,results,added,added,NA,1,1+,+
10.1101/2020.03.13.20035568,1,133,TRUE,jonathon coates,results,stat,stat-,-,1,1-,-
10.1101/2020.03.13.20035568,1,133,TRUE,Jessica  Polka,results,added,added,NA,1,1+,+
10.1101/2020.03.13.20035568,1,133,TRUE,jonathon coates,results,removed,removed,NA,1,1-,-
10.1101/2020.03.13.20035568,1,133,TRUE,jonathon coates,results,stat,stat+,+,1,1+,+
10.1101/2020.03.13.20035568,1,133,TRUE,Jessica  Polka,results,stat,stat-,-,1,1-,-
10.1101/2020.03.13.20035568,1,133,TRUE,Jessica  Polka,conclusions,stat,stat+,+,1,1+,+
10.1101/2020.03.13.991570,1,134,TRUE,jonathon coates,context,effect,effect+,+,1,1+,+
10.1101/2020.03.13.991570,1,134,TRUE,Jessica  Polka,results,nounchange,nounchange,NA,1,1+,+
10.1101/2020.03.13.991570,1,134,TRUE,Jessica  Polka,results,added,added,NA,1,1+,+
10.1101/2020.03.13.991570,1,134,TRUE,Jessica  Polka,results,stat,stat,NA,1,1+,+
10.1101/2020.03.13.991570,1,134,TRUE,Jessica  Polka,results,added,added,NA,1,1+,+
10.1101/2020.03.13.991570,1,134,TRUE,Mate  Palfy,results,added,added,NA,1,1+,+
10.1101/2020.03.14.20036202,1,135,TRUE,Jessica  Polka,results,removed,removed,NA,1,1-,-
10.1101/2020.03.15.20032870,0,NA,NA,NA,NA,NA,NA,NA,NA,NA,NA
10.1101/2020.03.15.20035204,0,NA,NA,NA,NA,NA,NA,NA,NA,NA,NA
10.1101/2020.03.15.20036293,1,137,TRUE,jonathon coates,conclusions,added,added,NA,1,1+,+
10.1101/2020.03.15.20036350,1,138,TRUE,Dey   Gautam,results,stat,stat,NA,1,1,NA
10.1101/2020.03.15.20036368,1,139,TRUE,Dey   Gautam,context,effect,effect-,-,1,1,NA
10.1101/2020.03.15.20036368,1,139,TRUE,jonathon coates,results,effect,effect+,+,1,1+,+
10.1101/2020.03.15.20036368,1,139,TRUE,Mate  Palfy,results,removed,removed,NA,1,1-,-
10.1101/2020.03.15.20036368,1,139,TRUE,Dey   Gautam,conclusions,effect,effect-,-,1,1,NA
10.1101/2020.03.15.20036673,0,NA,NA,NA,NA,NA,NA,NA,NA,NA,NA
10.1101/2020.03.15.20036707,1,140,TRUE,Dey   Gautam,results,stat,stat,NA,1,1,NA
10.1101/2020.03.15.20036707,1,140,TRUE,Dey   Gautam,context,added,added,NA,1,1,NA
10.1101/2020.03.15.992818,0,NA,NA,NA,NA,NA,NA,NA,NA,NA,NA
10.1101/2020.03.15.992925,0,NA,NA,NA,NA,NA,NA,NA,NA,NA,NA
10.1101/2020.03.16.20035014,1,143,TRUE,Jessica  Polka,conclusions,stat,stat-,-,1,1-,-
10.1101/2020.03.16.20037135,1,144,TRUE,jonathon coates,results,added,added,NA,1,1+,+
10.1101/2020.03.16.20037135,1,144,TRUE,Jessica  Polka,conclusions,stat,stat-,-,1,1-,-
10.1101/2020.03.17.20037408,0,NA,NA,NA,NA,NA,NA,NA,NA,NA,NA
10.1101/2020.03.18.20037101,0,NA,NA,NA,NA,NA,NA,NA,NA,NA,NA
10.1101/2020.03.18.20038059,1,147,TRUE,jonathon coates,results,added,added,NA,1,1+,+
10.1101/2020.03.18.20038455,0,NA,NA,NA,NA,NA,NA,NA,NA,NA,NA
10.1101/2020.03.19.20038844,0,NA,NA,NA,NA,NA,NA,NA,NA,NA,NA
10.1101/2020.03.19.20038950,2,148,TRUE,Dey   Gautam,context,effect,effect-,-,1,1,NA
10.1101/2020.03.19.20038950,2,148,TRUE,Dey   Gautam,results,added,added,NA,2,2,NA
10.1101/2020.03.19.20038950,2,148,TRUE,Dey   Gautam,results,effect,effect+,+,2,2,NA
10.1101/2020.03.19.20038950,2,148,TRUE,Dey   Gautam,results,effect,effect+,+,2,2,NA
10.1101/2020.03.19.998179,0,NA,NA,NA,NA,NA,NA,NA,NA,NA,NA
10.1101/2020.03.21.001933,1,149,TRUE,Dey   Gautam,context,effect,effect+,+,1,1,NA
10.1101/2020.03.22.20040600,1,150,TRUE,Dey   Gautam,context,added,added,NA,1,1,NA
10.1101/2020.03.24.20041020,2,151,TRUE,Dey   Gautam,context,effect,effect+,+,1,1,NA
10.1101/2020.03.24.20041020,2,151,TRUE,jonathon coates,results,effect,effect+,+,1,1+,+
10.1101/2020.03.24.20041020,2,151,TRUE,jonathon coates,results,effect,effect+,+,1,1+,+
10.1101/2020.03.24.20041020,2,151,TRUE,Jessica  Polka,results,stat,stat+,+,1,1+,+
10.1101/2020.03.24.20041020,2,151,TRUE,Jessica  Polka,results,effect,effect+,+,1,1+,+
10.1101/2020.03.24.20041020,2,151,TRUE,Jessica  Polka,results,effect,effect+,+,1,1+,+
10.1101/2020.03.24.20041020,2,151,TRUE,Jessica  Polka,results,nounchange,nounchange,NA,1,1+,+
10.1101/2020.03.24.20041020,2,151,TRUE,Mate  Palfy,results,added,added,NA,1,1+,+
10.1101/2020.03.24.20041020,2,151,TRUE,Mate  Palfy,results,added,added,NA,1,1+,+
10.1101/2020.03.24.20041020,2,151,TRUE,Jessica  Polka,results,removed,removed,NA,1,1-,-
10.1101/2020.03.24.20041020,2,151,TRUE,Mate  Palfy,results,removed,removed,NA,1,1-,-
10.1101/2020.03.24.20041020,2,151,TRUE,Jessica  Polka,results,removed,removed,NA,1,1-,-
10.1101/2020.03.24.20041020,2,151,TRUE,Mate  Palfy,results,removed,removed,NA,1,1,NA
10.1101/2020.03.24.20041020,2,151,TRUE,Mate  Palfy,results,added,added,NA,1,1,NA
10.1101/2020.03.24.20041020,2,151,TRUE,Mate  Palfy,results,added,added,NA,1,1,NA
10.1101/2020.03.24.20041020,2,151,TRUE,Jessica  Polka,results,added,added,NA,1,1+,+
10.1101/2020.03.24.20041020,2,151,TRUE,jonathon coates,results,effect,effect-,-,1,1-,-
10.1101/2020.03.24.20041020,2,151,TRUE,Jessica  Polka,results,stat,stat-,-,1,1-,-
10.1101/2020.03.24.20041020,2,151,TRUE,jonathon coates,conclusions,removed,removed,NA,1,1-,-
10.1101/2020.03.24.20041020,2,151,TRUE,Dey   Gautam,conclusions,added,added,NA,2,2,NA
10.1101/2020.03.24.20041020,2,151,TRUE,jonathon coates,conclusions,added,added,NA,2,2,NA
10.1101/2020.03.24.20042432,0,NA,NA,NA,NA,NA,NA,NA,NA,NA,NA
10.1101/2020.03.24.20042598,0,NA,NA,NA,NA,NA,NA,NA,NA,NA,NA
10.1101/2020.03.26.20044404,0,NA,NA,NA,NA,NA,NA,NA,NA,NA,NA
10.1101/2020.03.27.20043661,0,NA,NA,NA,NA,NA,NA,NA,NA,NA,NA
10.1101/2020.03.29.20043547,1,155,TRUE,jonathon coates,context,added,added,NA,1,1+,+
10.1101/2020.03.29.20043547,1,155,TRUE,Jessica  Polka,context,nounchange,nounchange,NA,1,1,NA
10.1101/2020.03.29.20043547,1,155,TRUE,Dey   Gautam,context,added,added,NA,1,1,NA
10.1101/2020.03.29.20043547,1,155,TRUE,jonathon coates,results,stat,stat,NA,1,1+,+
10.1101/2020.03.29.20043547,1,155,TRUE,jonathon coates,results,stat,stat,NA,1,1+,+
10.1101/2020.03.29.20043547,1,155,TRUE,jonathon coates,results,stat,stat,NA,1,1+,+
10.1101/2020.03.29.20043547,1,155,TRUE,Jessica  Polka,conclusions,added,added,NA,1,1+,+
10.1101/2020.03.30.20044099,0,NA,NA,NA,NA,NA,NA,NA,NA,NA,NA
10.1101/2020.03.30.20047852,0,NA,NA,NA,NA,NA,NA,NA,NA,NA,NA
10.1101/2020.03.31.016170,0,NA,NA,NA,NA,NA,NA,NA,NA,NA,NA
10.1101/2020.04.02.20051029,0,NA,NA,NA,NA,NA,NA,NA,NA,NA,NA
10.1101/2020.04.02.20051128,1,160,TRUE,Dey   Gautam,context,added,added,NA,1,1,NA
10.1101/2020.04.02.20051128,1,160,TRUE,Jessica  Polka,context,added,added,NA,1,1+,+
10.1101/2020.04.02.20051128,1,160,TRUE,Mate  Palfy,conclusions,stat,stat-,-,1,1-,-
10.1101/2020.04.03.20048389,0,NA,NA,NA,NA,NA,NA,NA,NA,NA,NA
10.1101/2020.04.03.20050195,1,161,TRUE,Jessica  Polka,context,removed,removed,NA,1,1-,-
10.1101/2020.04.03.20050195,1,161,TRUE,Mate  Palfy,context,removed,removed,NA,1,1-,-
10.1101/2020.04.03.20050195,1,161,TRUE,Mate  Palfy,context,removed,removed,NA,1,1-,-
10.1101/2020.04.03.20050195,1,161,TRUE,Dey   Gautam,results,effect,effect+,+,1,1,NA
10.1101/2020.04.03.20050195,1,161,TRUE,jonathon coates,results,effect,effect+,+,1,1+,+
10.1101/2020.04.03.20050195,1,161,TRUE,Jessica  Polka,conclusions,stat,stat+,+,1,1+,+
10.1101/755652,1,162,FALSE,Jessica  Polka,context,added,added,NA,1,1+,+
10.1101/756064,0,NA,NA,NA,NA,NA,NA,NA,NA,NA,NA
10.1101/768648,1,164,FALSE,jonathon coates,context,added,added,NA,1,1+,+
10.1101/768648,1,164,FALSE,Jessica  Polka,conclusions,removed,removed,NA,1,1-,-
10.1101/768648,1,164,FALSE,Jessica  Polka,conclusions,removed,removed,NA,1,1-,-
10.1101/773812,2,165,FALSE,Jessica  Polka,context,added,added,NA,1,1+,+
10.1101/773812,2,165,FALSE,Mate  Palfy,context,added,added,NA,1,1+,+
10.1101/773812,2,165,FALSE,Jessica  Polka,results,added,added,NA,1,1+,+
10.1101/773812,2,165,FALSE,jonathon coates,results,removed,removed,NA,1,1-,-
10.1101/773812,2,165,FALSE,Mate  Palfy,results,nounchange,nounchange,NA,1,1+,+
10.1101/773812,2,165,FALSE,Dey   Gautam,results,added,added,NA,1,1,NA
10.1101/773812,2,165,FALSE,Jessica  Polka,conclusions,removed,removed,NA,1,1-,-
10.1101/773812,2,165,FALSE,Jessica  Polka,conclusions,removed,removed,NA,2,2,NA
10.1101/773812,2,165,FALSE,Jessica  Polka,conclusions,removed,removed,NA,2,2,NA
10.1101/774372,0,NA,NA,NA,NA,NA,NA,NA,NA,NA,NA
10.1101/782359,1,167,FALSE,Jessica  Polka,results,nounchange,nounchange,NA,1,1-,-
10.1101/782839,1,168,FALSE,Dey   Gautam,context,added,added,NA,1,1,NA
10.1101/782839,1,168,FALSE,Jessica  Polka,context,added,added,NA,1,1,NA
10.1101/782839,1,168,FALSE,Mate  Palfy,context,added,added,NA,1,1+,+
10.1101/785691,2,169,FALSE,Dey   Gautam,context,nounchange,nounchange,NA,1,1,NA
10.1101/785691,2,169,FALSE,Mate  Palfy,results,removed,removed,NA,1,1-,-
10.1101/785691,2,169,FALSE,Mate  Palfy,results,added,added,NA,1,1+,+
10.1101/785691,2,169,FALSE,Mate  Palfy,results,added,added,NA,1,1+,+
10.1101/785691,2,169,FALSE,Dey   Gautam,results,effect,effect+,+,2,2,NA
10.1101/785691,2,169,FALSE,Dey   Gautam,results,added,added,NA,2,2,NA
10.1101/791269,1,170,FALSE,Mate  Palfy,conclusions,added,added,NA,1,1+,+
10.1101/793000,0,NA,NA,NA,NA,NA,NA,NA,NA,NA,NA
10.1101/796318,0,172,FALSE,jonathon coates,results,stat,stat-,-,1,1-,-
10.1101/796318,0,172,FALSE,Mate  Palfy,conclusions,removed,removed,NA,1,1-,-
10.1101/796318,0,172,FALSE,Jessica  Polka,conclusions,removed,removed,NA,1,1-,-
10.1101/796318,0,172,FALSE,Dey   Gautam,conclusions,effect,effect-,-,1,1,NA
10.1101/797183,0,NA,NA,NA,NA,NA,NA,NA,NA,NA,NA
10.1101/813378,0,174,FALSE,Jessica  Polka,context,removed,removed,NA,1,1-,-
10.1101/813378,0,174,FALSE,Jessica  Polka,context,added,added,NA,1,1+,+
10.1101/813378,0,174,FALSE,Jessica  Polka,results,nounchange,nounchange,NA,1,1+,+
10.1101/813378,0,174,FALSE,Mate  Palfy,results,removed,removed,NA,1,1-,-
10.1101/813378,0,174,FALSE,Jessica  Polka,results,stat,stat-,-,1,1-,-
10.1101/813378,0,174,FALSE,Dey   Gautam,conclusions,added,added,NA,1,1,NA
10.1101/815662,1,175,FALSE,Jessica  Polka,context,added,added,NA,1,1+,+
10.1101/815662,1,175,FALSE,jonathon coates,results,effect,effect-,-,1,1-,-
10.1101/815662,1,175,FALSE,Mate  Palfy,results,added,added,NA,1,1+,+
10.1101/819037,0,NA,NA,NA,NA,NA,NA,NA,NA,NA,NA
10.1101/819037,0,NA,NA,NA,NA,NA,NA,NA,NA,NA,NA
10.1101/832675,0,NA,NA,NA,NA,NA,NA,NA,NA,NA,NA
10.1101/838821,0,178,FALSE,Jessica  Polka,results,added,added,NA,1,1+,+
10.1101/838821,0,178,FALSE,Jessica  Polka,results,added,added,NA,1,1+,+
10.1101/838821,0,178,FALSE,Dey   Gautam,results,nounchange,nounchange,NA,1,1,NA
10.1101/838821,0,178,FALSE,Jessica  Polka,context,removed,removed,NA,1,1,NA
10.1101/838870,0,NA,NA,NA,NA,NA,NA,NA,NA,NA,NA
10.1101/842203,0,NA,NA,NA,NA,NA,NA,NA,NA,NA,NA
10.1101/852541,0,181,FALSE,Dey   Gautam,context,effect,effect-,-,1,1,NA
10.1101/852541,0,181,FALSE,Jessica  Polka,conclusions,removed,removed,NA,2,2,NA
10.1101/852541,0,181,FALSE,Dey   Gautam,context,added,added,NA,1,1,NA
10.1101/852541,0,181,FALSE,Mate  Palfy,results,stat,stat,NA,1,1+,+
10.1101/852541,0,181,FALSE,Mate  Palfy,results,stat,stat,NA,1,1+,+
10.1101/852541,0,181,FALSE,Mate  Palfy,results,stat,stat,NA,1,1+,+
10.1101/852541,0,181,FALSE,Mate  Palfy,results,added,added,NA,1,1+,+
10.1101/852541,0,181,FALSE,Jessica  Polka,results,removed,removed,NA,3,3,NA
10.1101/852541,0,181,FALSE,Jessica  Polka,results,added,added,NA,3,3,NA
10.1101/852541,0,181,FALSE,Mate  Palfy,conclusions,removed,removed,NA,1,1-,-
10.1101/859892,0,NA,NA,NA,NA,NA,NA,NA,NA,NA,NA
10.1101/863167,0,NA,NA,NA,NA,NA,NA,NA,NA,NA,NA
10.1101/865089,0,184,FALSE,Dey   Gautam,context,nounchange,nounchange,NA,1,1,NA
10.1101/869313,1,185,FALSE,Jessica  Polka,results,added,added,NA,1,1+,+
10.1101/869313,1,185,FALSE,Mate  Palfy,results,added,added,NA,1,1+,+
