"","page_id","doi","covid_preprint","annotator","section","label","label+modifier","label_modifier","score","score+modifier","score_modifier"
"1",1,"10.1101/19005710",FALSE,"Jessica  Polka","context","nounchange","nounchange",NA,1,"1-","-"
"2",1,"10.1101/19005710",FALSE,"jonathon coates","context","effect","effect-","-",1,"1-","-"
"3",1,"10.1101/19005710",FALSE,"Jessica  Polka","conclusions","stat","stat-","-",1,"1-","-"
"4",2,"10.1101/19006031",FALSE,"Jessica  Polka","context","added","added",NA,1,"1-","-"
"5",2,"10.1101/19006031",FALSE,"jonathon coates","results","removed","removed",NA,1,"1-","-"
"6",2,"10.1101/19006031",FALSE,"Mate  Palfy","results","added","added",NA,1,"1+","+"
"7",2,"10.1101/19006031",FALSE,"jonathon coates","results","stat","stat-","-",1,"1-","-"
"8",2,"10.1101/19006031",FALSE,"Mate  Palfy","results","removed","removed",NA,1,"1-","-"
"9",2,"10.1101/19006031",FALSE,"Jessica  Polka","results","nounchange","nounchange",NA,1,"1-","-"
"10",2,"10.1101/19006031",FALSE,"jonathon coates","results","stat","stat+","+",1,"1+","+"
"11",2,"10.1101/19006031",FALSE,"Jessica  Polka","results","stat","stat+","+",1,"1+","+"
"12",2,"10.1101/19006031",FALSE,"Mate  Palfy","results","removed","removed",NA,1,"1-","-"
"13",2,"10.1101/19006031",FALSE,"Mate  Palfy","conclusions","stat","stat+","+",1,"1+","+"
"14",2,"10.1101/19006031",FALSE,"Jessica  Polka","conclusions","effect","effect-","-",1,"1-","-"
"15",2,"10.1101/19006031",FALSE,"Jessica  Polka","conclusions","effect","effect+","+",1,"1+","+"
"16",3,"10.1101/19006171",FALSE,"Jessica  Polka","context","added","added",NA,1,"1",NA
"17",3,"10.1101/19006171",FALSE,"Jessica  Polka","context","nounchange","nounchange",NA,1,"1",NA
"18",3,"10.1101/19006171",FALSE,"Mate  Palfy","context","removed","removed",NA,1,"1",NA
"19",3,"10.1101/19006171",FALSE,"jonathon coates","context","removed","removed",NA,1,"1",NA
"20",3,"10.1101/19006171",FALSE,"Jessica  Polka","conclusions","stat","stat-","-",1,"1-","-"
"21",3,"10.1101/19006171",FALSE,"Jessica  Polka","context","removed","removed",NA,1,"1",NA
"22",3,"10.1101/19006171",FALSE,"jonathon coates","context","added","added",NA,1,"1+","+"
"23",3,"10.1101/19006171",FALSE,"Jessica  Polka","context","added","added",NA,1,"1",NA
"24",3,"10.1101/19006171",FALSE,"jonathon coates","results","removed","removed",NA,1,"1",NA
"25",4,"10.1101/19006478",FALSE,"Dey   Gautam","context","added","added",NA,1,"1+","+"
"26",4,"10.1101/19006478",FALSE,"Mate  Palfy","context","removed","removed",NA,1,"1",NA
"27",4,"10.1101/19006478",FALSE,"jonathon coates","results","removed","removed",NA,1,"1-","-"
"28",4,"10.1101/19006478",FALSE,"Dey   Gautam","context","added","added",NA,1,"1+","+"
"29",4,"10.1101/19006478",FALSE,"jonathon coates","results","added","added",NA,1,"1",NA
"30",4,"10.1101/19006478",FALSE,"jonathon coates","results","stat","stat+","+",1,"1",NA
"31",4,"10.1101/19006478",FALSE,"Dey   Gautam","conclusions","added","added",NA,1,"1+","+"
"32",7,"10.1101/19006635",FALSE,"Jessica  Polka","context","removed","removed",NA,1,"1",NA
"33",7,"10.1101/19006635",FALSE,"Jessica  Polka","context","removed","removed",NA,1,"1+","+"
"34",7,"10.1101/19006635",FALSE,"Jessica  Polka","context","nounchange","nounchange",NA,1,"1",NA
"35",7,"10.1101/19006635",FALSE,"Jessica  Polka","context","stat","stat-","-",1,"1-","-"
"36",7,"10.1101/19006635",FALSE,"Jessica  Polka","context","removed","removed",NA,1,"1-","-"
"37",7,"10.1101/19006635",FALSE,"Jessica  Polka","results","stat","stat+","+",1,"1+","+"
"38",7,"10.1101/19006635",FALSE,"Jessica  Polka","results","stat","stat+","+",1,"1+","+"
"39",7,"10.1101/19006635",FALSE,"Jessica  Polka","context","removed","removed",NA,1,"1",NA
"40",7,"10.1101/19006635",FALSE,"jonathon coates","results","stat","stat+","+",1,"1+","+"
"41",8,"10.1101/19006650",FALSE,"jonathon coates","results","effect","effect-","-",1,"1-","-"
"42",8,"10.1101/19006650",FALSE,"Jessica  Polka","conclusions","stat","stat-","-",1,"1-","-"
"43",8,"10.1101/19006650",FALSE,"Jessica  Polka","conclusions","stat","stat-","-",1,"1-","-"
"44",9,"10.1101/19006833",FALSE,"Jessica  Polka","context","nounchange","nounchange",NA,1,"1",NA
"45",9,"10.1101/19006833",FALSE,"Dey   Gautam","conclusions","added","added",NA,2,"2",NA
"46",10,"10.1101/19006957",FALSE,"Dey   Gautam","context","nounchange","nounchange",NA,1,"1",NA
"47",10,"10.1101/19006957",FALSE,"Jessica  Polka","conclusions","removed","removed",NA,1,"1-","-"
"48",10,"10.1101/19006957",FALSE,"Jessica  Polka","results","removed","removed",NA,1,"1-","-"
"49",10,"10.1101/19006957",FALSE,"jonathon coates","results","effect","effect-","-",1,"1-","-"
"50",10,"10.1101/19006957",FALSE,"Jessica  Polka","results","added","added",NA,1,"1-","-"
"51",10,"10.1101/19006957",FALSE,"Jessica  Polka","conclusions","removed","removed",NA,1,"1-","-"
"52",11,"10.1101/19007013",FALSE,"Jessica  Polka","context","removed","removed",NA,1,"1",NA
"53",11,"10.1101/19007013",FALSE,"Jessica  Polka","context","stat","stat-","-",1,"1-","-"
"54",11,"10.1101/19007013",FALSE,"Dey   Gautam","context","removed","removed",NA,1,"1",NA
"55",11,"10.1101/19007013",FALSE,"Mate  Palfy","context","removed","removed",NA,1,"1-","-"
"56",11,"10.1101/19007013",FALSE,"Mate  Palfy","context","removed","removed",NA,1,"1-","-"
"57",11,"10.1101/19007013",FALSE,"Jessica  Polka","results","added","added",NA,1,"1+","+"
"58",11,"10.1101/19007013",FALSE,"Mate  Palfy","context","removed","removed",NA,1,"1-","-"
"59",11,"10.1101/19007013",FALSE,"Mate  Palfy","context","removed","removed",NA,1,"1",NA
"60",11,"10.1101/19007013",FALSE,"Mate  Palfy","context","removed","removed",NA,1,"1",NA
"61",11,"10.1101/19007013",FALSE,"Mate  Palfy","results","stat","stat",NA,1,"1+","+"
"62",11,"10.1101/19007013",FALSE,"jonathon coates","conclusions","added","added",NA,1,"1+","+"
"63",11,"10.1101/19007013",FALSE,"Jessica  Polka","conclusions","stat","stat-","-",1,"1-","-"
"64",11,"10.1101/19007013",FALSE,"Jessica  Polka","conclusions","removed","removed",NA,1,"1+","+"
"65",12,"10.1101/19007021",FALSE,"Jessica  Polka","context","removed","removed",NA,1,"1-","-"
"66",12,"10.1101/19007021",FALSE,"Mate  Palfy","context","nounchange","nounchange",NA,1,"1+","+"
"67",12,"10.1101/19007021",FALSE,"Mate  Palfy","results","stat","stat-","-",1,"1-","-"
"68",12,"10.1101/19007021",FALSE,"Jessica  Polka","conclusions","added","added",NA,1,"1+","+"
"69",12,"10.1101/19007021",FALSE,"Mate  Palfy","conclusions","added","added",NA,1,"1+","+"
"70",12,"10.1101/19007021",FALSE,"Mate  Palfy","conclusions","added","added",NA,1,"1-","-"
"71",13,"10.1101/19007161",FALSE,"Jessica  Polka","results","removed","removed",NA,1,"1-","-"
"72",13,"10.1101/19007161",FALSE,"Jessica  Polka","results","stat","stat-","-",1,"1-","-"
"73",13,"10.1101/19007161",FALSE,"Jessica  Polka","context","added","added",NA,1,"1",NA
"74",13,"10.1101/19007161",FALSE,"Jessica  Polka","context","added","added",NA,1,"1",NA
"75",13,"10.1101/19007161",FALSE,"Mate  Palfy","context","removed","removed",NA,1,"1",NA
"76",13,"10.1101/19007161",FALSE,"Mate  Palfy","context","removed","removed",NA,1,"1",NA
"77",13,"10.1101/19007161",FALSE,"Mate  Palfy","results","added","added",NA,1,"1-","-"
"78",13,"10.1101/19007161",FALSE,"Dey   Gautam","conclusions","added","added",NA,1,"1+","+"
"79",13,"10.1101/19007161",FALSE,"Jessica  Polka","results","added","added",NA,1,"1+","+"
"80",13,"10.1101/19007161",FALSE,"Jessica  Polka","results","removed","removed",NA,1,"1-","-"
"81",14,"10.1101/19007401",FALSE,"Jessica  Polka","context","effect","effect-","-",1,"1",NA
"82",14,"10.1101/19007401",FALSE,"Jessica  Polka","context","stat","stat-","-",1,"1",NA
"83",14,"10.1101/19007401",FALSE,"Jessica  Polka","context","nounchange","nounchange",NA,1,"1",NA
"84",14,"10.1101/19007401",FALSE,"Jessica  Polka","results","nounchange","nounchange",NA,1,"1+","+"
"85",15,"10.1101/19007450",FALSE,"Mate  Palfy","results","stat","stat",NA,1,"1-","-"
"86",16,"10.1101/19007542",FALSE,"Jessica  Polka","context","removed","removed",NA,1,"1",NA
"87",16,"10.1101/19007542",FALSE,"Dey   Gautam","context","nounchange","nounchange",NA,1,"1",NA
"88",16,"10.1101/19007542",FALSE,"Jessica  Polka","context","added","added",NA,1,"1+","+"
"89",16,"10.1101/19007542",FALSE,"Jessica  Polka","results","nounchange","nounchange",NA,1,"1+","+"
"90",16,"10.1101/19007542",FALSE,"Jessica  Polka","context","removed","removed",NA,1,"1",NA
"91",16,"10.1101/19007542",FALSE,"Mate  Palfy","results","added","added",NA,1,"1+","+"
"92",16,"10.1101/19007542",FALSE,"jonathon coates","results","stat","stat-","-",1,"1-","-"
"93",16,"10.1101/19007542",FALSE,"Mate  Palfy","context","removed","removed",NA,1,"1",NA
"94",16,"10.1101/19007542",FALSE,"jonathon coates","results","stat","stat-","-",1,"1-","-"
"95",16,"10.1101/19007542",FALSE,"Jessica  Polka","results","added","added",NA,1,"1+","+"
"96",17,"10.1101/19007666",FALSE,"Jessica  Polka","context","stat","stat-","-",1,"1-","-"
"97",17,"10.1101/19007666",FALSE,"Jessica  Polka","results","stat","stat-","-",1,"1-","-"
"98",17,"10.1101/19007666",FALSE,"Dey   Gautam","context","added","added",NA,1,"1+","+"
"99",17,"10.1101/19007666",FALSE,"jonathon coates","results","stat","stat+","+",1,"1+","+"
"100",17,"10.1101/19007666",FALSE,"Jessica  Polka","results","stat","stat-","-",1,"1-","-"
"101",17,"10.1101/19007666",FALSE,"Jessica  Polka","results","stat","stat-","-",1,"1-","-"
"102",17,"10.1101/19007666",FALSE,"Jessica  Polka","results","stat","stat-","-",1,"1-","-"
"103",17,"10.1101/19007666",FALSE,"Jessica  Polka","results","stat","stat-","-",1,"1-","-"
"104",19,"10.1101/19007849",FALSE,"Jessica  Polka","context","added","added",NA,1,"1",NA
"105",19,"10.1101/19007849",FALSE,"Jessica  Polka","context","removed","removed",NA,1,"1",NA
"106",19,"10.1101/19007849",FALSE,"Jessica  Polka","context","added","added",NA,1,"1",NA
"107",19,"10.1101/19007849",FALSE,"Jessica  Polka","context","added","added",NA,1,"1",NA
"108",19,"10.1101/19007849",FALSE,"Jessica  Polka","context","removed","removed",NA,1,"1",NA
"109",19,"10.1101/19007849",FALSE,"Jessica  Polka","context","added","added",NA,1,"1",NA
"110",19,"10.1101/19007849",FALSE,"Dey   Gautam","context","added","added",NA,1,"1",NA
"111",19,"10.1101/19007849",FALSE,"Jessica  Polka","context","added","added",NA,1,"1",NA
"112",19,"10.1101/19007849",FALSE,"Jessica  Polka","context","nounchange","nounchange",NA,1,"1-","-"
"113",19,"10.1101/19007849",FALSE,"Mate  Palfy","conclusions","added","added",NA,1,"1+","+"
"114",19,"10.1101/19007849",FALSE,"Jessica  Polka","context","added","added",NA,1,"1",NA
"115",19,"10.1101/19007849",FALSE,"Jessica  Polka","context","removed","removed",NA,1,"1",NA
"116",19,"10.1101/19007849",FALSE,"Jessica  Polka","context","nounchange","nounchange",NA,1,"1-","-"
"117",20,"10.1101/19008102",FALSE,"Jessica  Polka","conclusions","stat","stat+","+",1,"1+","+"
"118",20,"10.1101/19008102",FALSE,"Dey   Gautam","conclusions","added","added",NA,1,"1+","+"
"119",24,"10.1101/19008300",FALSE,"Dey   Gautam","context","removed","removed",NA,1,"1",NA
"120",24,"10.1101/19008300",FALSE,"Jessica  Polka","conclusions","nounchange","nounchange",NA,1,"1-","-"
"121",24,"10.1101/19008300",FALSE,"Jessica  Polka","conclusions","removed","removed",NA,1,"1+","+"
"122",24,"10.1101/19008300",FALSE,"Jessica  Polka","conclusions","effect","effect+","+",1,"1+","+"
"123",24,"10.1101/19008300",FALSE,"Jessica  Polka","context","added","added",NA,1,"1",NA
"124",24,"10.1101/19008300",FALSE,"Mate  Palfy","results","stat","stat",NA,1,"1+","+"
"125",24,"10.1101/19008300",FALSE,"Mate  Palfy","results","stat","stat",NA,1,"1+","+"
"126",24,"10.1101/19008300",FALSE,"Jessica  Polka","results","nounchange","nounchange",NA,1,"1",NA
"127",24,"10.1101/19008300",FALSE,"Jessica  Polka","conclusions","removed","removed",NA,1,"1-","-"
"128",24,"10.1101/19008300",FALSE,"jonathon coates","results","effect","effect-","-",1,"1-","-"
"129",24,"10.1101/19008300",FALSE,"Dey   Gautam","conclusions","added","added",NA,1,"1+","+"
"130",24,"10.1101/19008300",FALSE,"Dey   Gautam","results","removed","removed",NA,1,"1-","-"
"131",24,"10.1101/19008300",FALSE,"Mate  Palfy","conclusions","added","added",NA,1,"1+","+"
"132",24,"10.1101/19008300",FALSE,"Dey   Gautam","results","added","added",NA,1,"1+","+"
"133",24,"10.1101/19008300",FALSE,"jonathon coates","conclusions","effect","effect+","+",1,"1+","+"
"134",26,"10.1101/19008367",FALSE,"Jessica  Polka","context","effect","effect-","-",1,"1-","-"
"135",26,"10.1101/19008367",FALSE,"Mate  Palfy","context","removed","removed",NA,1,"1",NA
"136",26,"10.1101/19008367",FALSE,"Jessica  Polka","results","stat","stat+","+",1,"1+","+"
"137",26,"10.1101/19008367",FALSE,"Jessica  Polka","results","effect","effect+","+",1,"1+","+"
"138",26,"10.1101/19008367",FALSE,"Jessica  Polka","results","effect","effect-","-",1,"1-","-"
"139",26,"10.1101/19008367",FALSE,"Mate  Palfy","results","effect","effect-","-",1,"1",NA
"140",26,"10.1101/19008367",FALSE,"jonathon coates","results","stat","stat-","-",1,"1-","-"
"141",26,"10.1101/19008367",FALSE,"jonathon coates","results","stat","stat-","-",1,"1-","-"
"142",26,"10.1101/19008367",FALSE,"Jessica  Polka","conclusions","added","added",NA,2,"2",NA
"143",28,"10.1101/19008953",FALSE,"Jessica  Polka","context","added","added",NA,1,"1",NA
"144",28,"10.1101/19008953",FALSE,"Jessica  Polka","context","removed","removed",NA,1,"1",NA
"145",29,"10.1101/19009472",FALSE,"Mate  Palfy","results","stat","stat",NA,1,"1",NA
"146",29,"10.1101/19009472",FALSE,"Mate  Palfy","results","stat","stat",NA,1,"1",NA
"147",29,"10.1101/19009472",FALSE,"Mate  Palfy","results","stat","stat",NA,1,"1",NA
"148",29,"10.1101/19009472",FALSE,"Jessica  Polka","results","stat","stat",NA,1,"1",NA
"149",29,"10.1101/19009472",FALSE,"Jessica  Polka","results","stat","stat",NA,1,"1",NA
"150",30,"10.1101/19009522",FALSE,"Jessica  Polka","context","added","added",NA,1,"1",NA
"151",30,"10.1101/19009522",FALSE,"jonathon coates","conclusions","removed","removed",NA,1,"1",NA
"152",31,"10.1101/19009589",FALSE,"Mate  Palfy","results","nounchange","nounchange",NA,1,"1",NA
"153",32,"10.1101/19009647",FALSE,"Jessica  Polka","context","nounchange","nounchange",NA,1,"1",NA
"154",34,"10.1101/19010462",FALSE,"Dey   Gautam","context","added","added",NA,1,"1+","+"
"155",34,"10.1101/19010462",FALSE,"Jessica  Polka","context","stat","stat-","-",1,"1-","-"
"156",34,"10.1101/19010462",FALSE,"Dey   Gautam","results","stat","stat+","+",1,"1+","+"
"157",34,"10.1101/19010462",FALSE,"Mate  Palfy","results","stat","stat-","-",1,"1-","-"
"158",35,"10.1101/19010579",FALSE,"Jessica  Polka","context","nounchange","nounchange",NA,1,"1",NA
"159",35,"10.1101/19010579",FALSE,"jonathon coates","results","added","added",NA,1,"1+","+"
"160",36,"10.1101/19010728",FALSE,"Dey   Gautam","context","added","added",NA,1,"1+","+"
"161",37,"10.1101/19010975",FALSE,"Dey   Gautam","results","stat","stat+","+",1,"1+","+"
"162",37,"10.1101/19010975",FALSE,"Dey   Gautam","results","stat","stat+","+",1,"1+","+"
"163",38,"10.1101/19011049",FALSE,"Jessica  Polka","results","effect","effect+","+",1,"1+","+"
"164",38,"10.1101/19011049",FALSE,"Jessica  Polka","results","stat","stat-","-",1,"1-","-"
"165",38,"10.1101/19011049",FALSE,"Mate  Palfy","results","added","added",NA,1,"1+","+"
"166",39,"10.1101/19011064",FALSE,"Jessica  Polka","context","removed","removed",NA,1,"1",NA
"167",39,"10.1101/19011064",FALSE,"Jessica  Polka","context","removed","removed",NA,1,"1",NA
"168",39,"10.1101/19011064",FALSE,"Jessica  Polka","results","effect","effect-","-",1,"1",NA
"169",39,"10.1101/19011064",FALSE,"Jessica  Polka","context","removed","removed",NA,1,"1",NA
"170",39,"10.1101/19011064",FALSE,"Jessica  Polka","context","removed","removed",NA,1,"1",NA
"171",39,"10.1101/19011064",FALSE,"Jessica  Polka","context","removed","removed",NA,1,"1",NA
"172",39,"10.1101/19011064",FALSE,"Jessica  Polka","context","removed","removed",NA,1,"1",NA
"173",39,"10.1101/19011064",FALSE,"Jessica  Polka","context","stat","stat+","+",1,"1",NA
"174",39,"10.1101/19011064",FALSE,"jonathon coates","results","stat","stat+","+",1,"1+","+"
"175",39,"10.1101/19011064",FALSE,"Dey   Gautam","results","added","added",NA,1,"1+","+"
"176",39,"10.1101/19011064",FALSE,"jonathon coates","results","stat","stat+","+",1,"1+","+"
"177",39,"10.1101/19011064",FALSE,"Mate  Palfy","results","stat","stat-","-",1,"1-","-"
"178",39,"10.1101/19011064",FALSE,"Jessica  Polka","results","nounchange","nounchange",NA,1,"1",NA
"179",39,"10.1101/19011064",FALSE,"Jessica  Polka","results","effect","effect+","+",1,"1+","+"
"180",39,"10.1101/19011064",FALSE,"Jessica  Polka","results","removed","removed",NA,1,"1",NA
"181",39,"10.1101/19011064",FALSE,"Jessica  Polka","results","removed","removed",NA,1,"1",NA
"182",39,"10.1101/19011064",FALSE,"Jessica  Polka","results","added","added",NA,1,"1+","+"
"183",39,"10.1101/19011064",FALSE,"Jessica  Polka","results","stat","stat",NA,1,"1+","+"
"184",39,"10.1101/19011064",FALSE,"Jessica  Polka","results","effect","effect-","-",1,"1-","-"
"185",39,"10.1101/19011064",FALSE,"jonathon coates","results","stat","stat+","+",1,"1+","+"
"186",39,"10.1101/19011064",FALSE,"jonathon coates","results","stat","stat+","+",1,"1+","+"
"187",39,"10.1101/19011064",FALSE,"Dey   Gautam","results","removed","removed",NA,1,"1",NA
"188",39,"10.1101/19011064",FALSE,"Mate  Palfy","conclusions","added","added",NA,1,"1+","+"
"189",39,"10.1101/19011064",FALSE,"Jessica  Polka","results","added","added",NA,1,"1+","+"
"190",39,"10.1101/19011064",FALSE,"Mate  Palfy","conclusions","added","added",NA,1,"1+","+"
"191",39,"10.1101/19011064",FALSE,"Jessica  Polka","conclusions","removed","removed",NA,1,"1-","-"
"192",40,"10.1101/19011130",FALSE,"Mate  Palfy","results","stat","stat+","+",1,"1+","+"
"193",40,"10.1101/19011130",FALSE,"Mate  Palfy","results","added","added",NA,1,"1+","+"
"194",40,"10.1101/19011130",FALSE,"Jessica  Polka","results","stat","stat",NA,1,"1",NA
"195",40,"10.1101/19011130",FALSE,"Jessica  Polka","results","added","added",NA,1,"1+","+"
"196",40,"10.1101/19011130",FALSE,"Mate  Palfy","results","effect","effect-","-",1,"1-","-"
"197",40,"10.1101/19011130",FALSE,"Mate  Palfy","results","added","added",NA,1,"1+","+"
"198",40,"10.1101/19011130",FALSE,"Jessica  Polka","results","added","added",NA,1,"1+","+"
"199",40,"10.1101/19011130",FALSE,"Jessica  Polka","results","stat","stat",NA,1,"1",NA
"200",40,"10.1101/19011130",FALSE,"Dey   Gautam","results","stat","stat",NA,1,"1",NA
"201",40,"10.1101/19011130",FALSE,"Mate  Palfy","results","added","added",NA,1,"1+","+"
"202",40,"10.1101/19011130",FALSE,"Mate  Palfy","results","added","added",NA,1,"1+","+"
"203",40,"10.1101/19011130",FALSE,"Jessica  Polka","results","stat","stat+","+",1,"1+","+"
"204",40,"10.1101/19011130",FALSE,"jonathon coates","results","stat","stat+","+",1,"1+","+"
"205",40,"10.1101/19011130",FALSE,"jonathon coates","results","stat","stat-","-",1,"1-","-"
"206",40,"10.1101/19011130",FALSE,"Jessica  Polka","results","effect","effect-","-",1,"1-","-"
"207",40,"10.1101/19011130",FALSE,"Jessica  Polka","results","stat","stat+","+",1,"1+","+"
"208",40,"10.1101/19011130",FALSE,"Jessica  Polka","results","effect","effect-","-",1,"1-","-"
"209",40,"10.1101/19011130",FALSE,"Jessica  Polka","results","stat","stat+","+",1,"1+","+"
"210",41,"10.1101/19011213",FALSE,"jonathon coates","context","stat","stat+","+",1,"1+","+"
"211",41,"10.1101/19011213",FALSE,"jonathon coates","context","stat","stat+","+",1,"1+","+"
"212",41,"10.1101/19011213",FALSE,"Mate  Palfy","results","stat","stat",NA,1,"1",NA
"213",41,"10.1101/19011213",FALSE,"Jessica  Polka","results","stat","stat",NA,1,"1+","+"
"214",41,"10.1101/19011213",FALSE,"jonathon coates","results","added","added",NA,1,"1+","+"
"215",41,"10.1101/19011213",FALSE,"Jessica  Polka","results","stat","stat",NA,1,"1+","+"
"216",41,"10.1101/19011213",FALSE,"jonathon coates","context","stat","stat+","+",1,"1+","+"
"217",41,"10.1101/19011213",FALSE,"jonathon coates","context","stat","stat+","+",1,"1+","+"
"218",41,"10.1101/19011213",FALSE,"jonathon coates","results","added","added",NA,1,"1+","+"
"219",41,"10.1101/19011213",FALSE,"Jessica  Polka","results","effect","effect-","-",1,"1-","-"
"220",41,"10.1101/19011213",FALSE,"Jessica  Polka","results","effect","effect-","-",1,"1-","-"
"221",41,"10.1101/19011213",FALSE,"Jessica  Polka","results","effect","effect-","-",1,"1-","-"
"222",41,"10.1101/19011213",FALSE,"Jessica  Polka","results","effect","effect",NA,1,"1-","-"
"223",41,"10.1101/19011213",FALSE,"jonathon coates","conclusions","stat","stat+","+",1,"1+","+"
"224",42,"10.1101/19011452",FALSE,"Jessica  Polka","context","nounchange","nounchange",NA,1,"1",NA
"225",42,"10.1101/19011452",FALSE,"Jessica  Polka","context","nounchange","nounchange",NA,1,"1",NA
"226",45,"10.1101/19011957",FALSE,"Jessica  Polka","context","added","added",NA,1,"1",NA
"227",46,"10.1101/19012112",FALSE,"Dey   Gautam","results","stat","stat",NA,1,"1+","+"
"228",48,"10.1101/19012823",FALSE,"Dey   Gautam","context","nounchange","nounchange",NA,1,"1",NA
"229",48,"10.1101/19012823",FALSE,"Jessica  Polka","results","stat","stat-","-",1,"1-","-"
"230",48,"10.1101/19012823",FALSE,"Mate  Palfy","results","stat","stat",NA,1,"1",NA
"231",48,"10.1101/19012823",FALSE,"Dey   Gautam","results","stat","stat",NA,1,"1+","+"
"232",48,"10.1101/19012823",FALSE,"Mate  Palfy","results","stat","stat",NA,1,"1",NA
"233",48,"10.1101/19012823",FALSE,"Mate  Palfy","results","stat","stat",NA,1,"1",NA
"234",48,"10.1101/19012823",FALSE,"Jessica  Polka","results","stat","stat",NA,1,"1",NA
"235",48,"10.1101/19012823",FALSE,"Mate  Palfy","conclusions","added","added",NA,2,"2",NA
"236",48,"10.1101/19012823",FALSE,"jonathon coates","conclusions","added","added",NA,2,"2",NA
"237",48,"10.1101/19012823",FALSE,"Mate  Palfy","conclusions","nounchange","nounchange",NA,1,"1",NA
"238",48,"10.1101/19012823",FALSE,"Jessica  Polka","conclusions","nounchange","nounchange",NA,1,"1-","-"
"239",49,"10.1101/19012880",FALSE,"Dey   Gautam","context","removed","removed",NA,1,"1",NA
"240",49,"10.1101/19012880",FALSE,"jonathon coates","context","removed","removed",NA,1,"1-","-"
"241",49,"10.1101/19012880",FALSE,"Jessica  Polka","context","nounchange","nounchange",NA,1,"1",NA
"242",49,"10.1101/19012880",FALSE,"Jessica  Polka","context","removed","removed",NA,1,"1",NA
"243",49,"10.1101/19012880",FALSE,"Jessica  Polka","context","removed","removed",NA,1,"1",NA
"244",49,"10.1101/19012880",FALSE,"Mate  Palfy","conclusions","nounchange","nounchange",NA,1,"1+","+"
"245",49,"10.1101/19012880",FALSE,"Jessica  Polka","conclusions","nounchange","nounchange",NA,1,"1",NA
"246",56,"10.1101/2019.12.17.19015198",FALSE,"Jessica  Polka","context","added","added",NA,1,"1",NA
"247",56,"10.1101/2019.12.17.19015198",FALSE,"Jessica  Polka","context","added","added",NA,1,"1",NA
"248",56,"10.1101/2019.12.17.19015198",FALSE,"Jessica  Polka","context","added","added",NA,1,"1",NA
"249",56,"10.1101/2019.12.17.19015198",FALSE,"Jessica  Polka","context","added","added",NA,1,"1",NA
"250",56,"10.1101/2019.12.17.19015198",FALSE,"Jessica  Polka","context","nounchange","nounchange",NA,1,"1",NA
"251",56,"10.1101/2019.12.17.19015198",FALSE,"Jessica  Polka","context","nounchange","nounchange",NA,1,"1",NA
"252",56,"10.1101/2019.12.17.19015198",FALSE,"Mate  Palfy","context","stat","stat",NA,1,"1+","+"
"253",56,"10.1101/2019.12.17.19015198",FALSE,"Jessica  Polka","results","added","added",NA,1,"1",NA
"254",56,"10.1101/2019.12.17.19015198",FALSE,"Mate  Palfy","results","stat","stat",NA,1,"1+","+"
"255",56,"10.1101/2019.12.17.19015198",FALSE,"Jessica  Polka","results","nounchange","nounchange",NA,1,"1",NA
"256",56,"10.1101/2019.12.17.19015198",FALSE,"Jessica  Polka","conclusions","nounchange","nounchange",NA,1,"1",NA
"257",56,"10.1101/2019.12.17.19015198",FALSE,"Mate  Palfy","conclusions","nounchange","nounchange",NA,1,"1+","+"
"258",59,"10.1101/2019.12.18.881391",FALSE,"Jessica  Polka","context","removed","removed",NA,1,"1",NA
"259",59,"10.1101/2019.12.18.881391",FALSE,"Jessica  Polka","context","removed","removed",NA,1,"1",NA
"260",59,"10.1101/2019.12.18.881391",FALSE,"Jessica  Polka","context","removed","removed",NA,1,"1",NA
"261",59,"10.1101/2019.12.18.881391",FALSE,"Jessica  Polka","context","added","added",NA,1,"1",NA
"262",59,"10.1101/2019.12.18.881391",FALSE,"Mate  Palfy","results","nounchange","nounchange",NA,1,"1-","-"
"263",59,"10.1101/2019.12.18.881391",FALSE,"jonathon coates","results","added","added",NA,1,"1+","+"
"264",59,"10.1101/2019.12.18.881391",FALSE,"jonathon coates","results","added","added",NA,1,"1+","+"
"265",59,"10.1101/2019.12.18.881391",FALSE,"Mate  Palfy","conclusions","removed","removed",NA,1,"1-","-"
"266",60,"10.1101/2019.12.19.882274",FALSE,"Jessica  Polka","context","nounchange","nounchange",NA,1,"1",NA
"267",62,"10.1101/2020.01.03.20016436",FALSE,"Jessica  Polka","context","nounchange","nounchange",NA,1,"1+","+"
"268",62,"10.1101/2020.01.03.20016436",FALSE,"Jessica  Polka","context","added","added",NA,1,"1",NA
"269",62,"10.1101/2020.01.03.20016436",FALSE,"Jessica  Polka","results","stat","stat-","-",1,"1-","-"
"270",62,"10.1101/2020.01.03.20016436",FALSE,"Jessica  Polka","results","stat","stat",NA,1,"1+","+"
"271",62,"10.1101/2020.01.03.20016436",FALSE,"Dey   Gautam","results","added","added",NA,1,"1",NA
"272",62,"10.1101/2020.01.03.20016436",FALSE,"Mate  Palfy","results","effect","effect-","-",1,"1-","-"
"273",62,"10.1101/2020.01.03.20016436",FALSE,"jonathon coates","results","stat","stat-","-",1,"1-","-"
"274",62,"10.1101/2020.01.03.20016436",FALSE,"Jessica  Polka","results","stat","stat",NA,1,"1",NA
"275",62,"10.1101/2020.01.03.20016436",FALSE,"Jessica  Polka","results","stat","stat",NA,1,"1+","+"
"276",62,"10.1101/2020.01.03.20016436",FALSE,"Jessica  Polka","results","nounchange","nounchange",NA,1,"1",NA
"277",62,"10.1101/2020.01.03.20016436",FALSE,"Jessica  Polka","results","stat","stat",NA,1,"1+","+"
"278",62,"10.1101/2020.01.03.20016436",FALSE,"Mate  Palfy","results","stat","stat",NA,1,"1+","+"
"279",62,"10.1101/2020.01.03.20016436",FALSE,"Dey   Gautam","results","added","added",NA,2,"2",NA
"280",62,"10.1101/2020.01.03.20016436",FALSE,"Jessica  Polka","results","nounchange","nounchange",NA,1,"1+","+"
"281",62,"10.1101/2020.01.03.20016436",FALSE,"Mate  Palfy","results","added","added",NA,1,"1+","+"
"282",62,"10.1101/2020.01.03.20016436",FALSE,"Mate  Palfy","context","removed","removed",NA,1,"1",NA
"283",62,"10.1101/2020.01.03.20016436",FALSE,"jonathon coates","results","stat","stat-","-",1,"1-","-"
"284",62,"10.1101/2020.01.03.20016436",FALSE,"Jessica  Polka","results","added","added",NA,1,"1+","+"
"285",62,"10.1101/2020.01.03.20016436",FALSE,"Mate  Palfy","results","effectreverse","effectreverse",NA,1,"1",NA
"286",62,"10.1101/2020.01.03.20016436",FALSE,"jonathon coates","results","added","added",NA,1,"1+","+"
"287",62,"10.1101/2020.01.03.20016436",FALSE,"Jessica  Polka","conclusions","removed","removed",NA,1,"1-","-"
"288",62,"10.1101/2020.01.03.20016436",FALSE,"Jessica  Polka","conclusions","nounchange","nounchange",NA,1,"1",NA
"289",65,"10.1101/2020.01.07.897496",FALSE,"Jessica  Polka","context","added","added",NA,1,"1",NA
"290",65,"10.1101/2020.01.07.897496",FALSE,"Dey   Gautam","context","removed","removed",NA,1,"1",NA
"291",65,"10.1101/2020.01.07.897496",FALSE,"Jessica  Polka","context","removed","removed",NA,1,"1",NA
"292",65,"10.1101/2020.01.07.897496",FALSE,"Jessica  Polka","context","added","added",NA,1,"1",NA
"293",65,"10.1101/2020.01.07.897496",FALSE,"Jessica  Polka","results","nounchange","nounchange",NA,1,"1",NA
"294",66,"10.1101/2020.01.13.20016360",FALSE,"Mate  Palfy","conclusions","nounchange","nounchange",NA,1,"1",NA
"295",67,"10.1101/2020.01.13.905190",FALSE,"Jessica  Polka","context","added","added",NA,1,"1",NA
"296",67,"10.1101/2020.01.13.905190",FALSE,"Jessica  Polka","context","added","added",NA,1,"1",NA
"297",67,"10.1101/2020.01.13.905190",FALSE,"Jessica  Polka","context","removed","removed",NA,1,"1",NA
"298",67,"10.1101/2020.01.13.905190",FALSE,"Mate  Palfy","conclusions","nounchange","nounchange",NA,1,"1",NA
"299",67,"10.1101/2020.01.13.905190",FALSE,"Jessica  Polka","conclusions","removed","removed",NA,1,"1",NA
"300",68,"10.1101/2020.01.21.20018101",FALSE,"jonathon coates","conclusions","effect","effect+","+",1,"1+","+"
"301",69,"10.1101/2020.01.21.914929",TRUE,"Jessica  Polka","conclusions","removed","removed",NA,1,"1-","-"
"302",70,"10.1101/2020.01.22.914952",TRUE,"Jessica  Polka","context","added","added",NA,1,"1",NA
"303",70,"10.1101/2020.01.22.914952",TRUE,"Jessica  Polka","context","effect","effect+","+",1,"1",NA
"304",70,"10.1101/2020.01.22.914952",TRUE,"Jessica  Polka","context","added","added",NA,1,"1",NA
"305",70,"10.1101/2020.01.22.914952",TRUE,"jonathon coates","context","effect","effect+","+",1,"1+","+"
"306",70,"10.1101/2020.01.22.914952",TRUE,"Jessica  Polka","context","effect","effect+","+",1,"1",NA
"307",70,"10.1101/2020.01.22.914952",TRUE,"jonathon coates","context","effect","effect+","+",1,"1+","+"
"308",70,"10.1101/2020.01.22.914952",TRUE,"Mate  Palfy","results","effect","effect+","+",1,"1",NA
"309",70,"10.1101/2020.01.22.914952",TRUE,"Jessica  Polka","results","nounchange","nounchange",NA,1,"1",NA
"310",70,"10.1101/2020.01.22.914952",TRUE,"Jessica  Polka","conclusions","stat","stat-","-",1,"1-","-"
"311",72,"10.1101/2020.01.23.20017566",FALSE,"Jessica  Polka","context","removed","removed",NA,1,"1",NA
"312",72,"10.1101/2020.01.23.20017566",FALSE,"Jessica  Polka","context","removed","removed",NA,1,"1",NA
"313",72,"10.1101/2020.01.23.20017566",FALSE,"Jessica  Polka","context","removed","removed",NA,1,"1",NA
"314",72,"10.1101/2020.01.23.20017566",FALSE,"Dey   Gautam","context","removed","removed",NA,1,"1",NA
"315",72,"10.1101/2020.01.23.20017566",FALSE,"jonathon coates","context","removed","removed",NA,1,"1-","-"
"316",72,"10.1101/2020.01.23.20017566",FALSE,"jonathon coates","results","added","added",NA,1,"1+","+"
"317",72,"10.1101/2020.01.23.20017566",FALSE,"jonathon coates","results","stat","stat+","+",1,"1+","+"
"318",72,"10.1101/2020.01.23.20017566",FALSE,"jonathon coates","results","stat","stat+","+",1,"1+","+"
"319",72,"10.1101/2020.01.23.20017566",FALSE,"Mate  Palfy","results","added","added",NA,1,"1+","+"
"320",72,"10.1101/2020.01.23.20017566",FALSE,"Jessica  Polka","conclusions","added","added",NA,1,"1+","+"
"321",73,"10.1101/2020.01.23.916395",TRUE,"Jessica  Polka","context","effect","effect+","+",1,"1",NA
"322",73,"10.1101/2020.01.23.916395",TRUE,"Jessica  Polka","conclusions","stat","stat-","-",1,"1-","-"
"323",73,"10.1101/2020.01.23.916395",TRUE,"Dey   Gautam","results","effect","effect-","-",1,"1",NA
"324",73,"10.1101/2020.01.23.916395",TRUE,"Jessica  Polka","context","nounchange","nounchange",NA,1,"1",NA
"325",73,"10.1101/2020.01.23.916395",TRUE,"Mate  Palfy","results","effect","effect-","-",1,"1",NA
"326",73,"10.1101/2020.01.23.916395",TRUE,"Mate  Palfy","results","stat","stat+","+",1,"1+","+"
"327",73,"10.1101/2020.01.23.916395",TRUE,"Mate  Palfy","results","effect","effect-","-",1,"1",NA
"328",73,"10.1101/2020.01.23.916395",TRUE,"Mate  Palfy","results","stat","stat+","+",1,"1+","+"
"329",73,"10.1101/2020.01.23.916395",TRUE,"Jessica  Polka","results","stat","stat+","+",1,"1+","+"
"330",73,"10.1101/2020.01.23.916395",TRUE,"Jessica  Polka","results","added","added",NA,1,"1",NA
"331",73,"10.1101/2020.01.23.916395",TRUE,"Dey   Gautam","results","effect","effect-","-",1,"1",NA
"332",74,"10.1101/2020.01.24.915157",TRUE,"Jessica  Polka","conclusions","stat","stat+","+",1,"1",NA
"333",75,"10.1101/2020.01.24.919159",TRUE,"Mate  Palfy","context","effect","effect",NA,1,"1+","+"
"334",75,"10.1101/2020.01.24.919159",TRUE,"jonathon coates","context","effect","effect+","+",1,"1+","+"
"335",75,"10.1101/2020.01.24.919159",TRUE,"Jessica  Polka","context","nounchange","nounchange",NA,1,"1",NA
"336",75,"10.1101/2020.01.24.919159",TRUE,"Jessica  Polka","context","nounchange","nounchange",NA,1,"1",NA
"337",75,"10.1101/2020.01.24.919159",TRUE,"Mate  Palfy","context","nounchange","nounchange",NA,1,"1",NA
"338",75,"10.1101/2020.01.24.919159",TRUE,"Jessica  Polka","context","nounchange","nounchange",NA,1,"1",NA
"339",75,"10.1101/2020.01.24.919159",TRUE,"Dey   Gautam","results","effect","effect+","+",1,"1",NA
"340",75,"10.1101/2020.01.24.919159",TRUE,"Dey   Gautam","results","stat","stat",NA,1,"1",NA
"341",75,"10.1101/2020.01.24.919159",TRUE,"Jessica  Polka","results","effect","effect-","-",1,"1-","-"
"342",75,"10.1101/2020.01.24.919159",TRUE,"Jessica  Polka","results","stat","stat",NA,1,"1+","+"
"343",76,"10.1101/2020.01.26.20018754",TRUE,"Mate  Palfy","context","nounchange","nounchange",NA,1,"1",NA
"344",76,"10.1101/2020.01.26.20018754",TRUE,"Jessica  Polka","context","removed","removed",NA,1,"1",NA
"345",76,"10.1101/2020.01.26.20018754",TRUE,"Jessica  Polka","context","removed","removed",NA,1,"1+","+"
"346",76,"10.1101/2020.01.26.20018754",TRUE,"Jessica  Polka","context","stat","stat-","-",1,"1-","-"
"347",76,"10.1101/2020.01.26.20018754",TRUE,"jonathon coates","results","effect","effect+","+",1,"1+","+"
"348",76,"10.1101/2020.01.26.20018754",TRUE,"Jessica  Polka","results","nounchange","nounchange",NA,1,"1",NA
"349",76,"10.1101/2020.01.26.20018754",TRUE,"Dey   Gautam","results","stat","stat",NA,1,"1",NA
"350",76,"10.1101/2020.01.26.20018754",TRUE,"Jessica  Polka","results","nounchange","nounchange",NA,1,"1",NA
"351",76,"10.1101/2020.01.26.20018754",TRUE,"Jessica  Polka","results","stat","stat-","-",1,"1-","-"
"352",76,"10.1101/2020.01.26.20018754",TRUE,"Jessica  Polka","results","stat","stat",NA,1,"1+","+"
"353",76,"10.1101/2020.01.26.20018754",TRUE,"Dey   Gautam","results","added","added",NA,2,"2",NA
"354",76,"10.1101/2020.01.26.20018754",TRUE,"Jessica  Polka","conclusions","effect","effect+","+",2,"2",NA
"355",76,"10.1101/2020.01.26.20018754",TRUE,"Mate  Palfy","results","effect","effect-","-",1,"1",NA
"356",76,"10.1101/2020.01.26.20018754",TRUE,"jonathon coates","results","added","added",NA,1,"1+","+"
"357",79,"10.1101/2020.01.27.20018986",TRUE,"Jessica  Polka","context","nounchange","nounchange",NA,1,"1",NA
"358",79,"10.1101/2020.01.27.20018986",TRUE,"Jessica  Polka","context","removed","removed",NA,1,"1",NA
"359",79,"10.1101/2020.01.27.20018986",TRUE,"Dey   Gautam","context","effect","effect+","+",1,"1",NA
"360",79,"10.1101/2020.01.27.20018986",TRUE,"Jessica  Polka","context","added","added",NA,1,"1",NA
"361",79,"10.1101/2020.01.27.20018986",TRUE,"Mate  Palfy","results","effect","effect+","+",1,"1",NA
"362",79,"10.1101/2020.01.27.20018986",TRUE,"Dey   Gautam","results","stat","stat",NA,1,"1",NA
"363",79,"10.1101/2020.01.27.20018986",TRUE,"Jessica  Polka","results","effect","effect+","+",1,"1",NA
"364",79,"10.1101/2020.01.27.20018986",TRUE,"Jessica  Polka","conclusions","stat","stat-","-",1,"1-","-"
"365",80,"10.1101/2020.01.28.923011",TRUE,"Jessica  Polka","context","effect","effect+","+",1,"1",NA
"366",80,"10.1101/2020.01.28.923011",TRUE,"Jessica  Polka","context","effect","effect+","+",1,"1",NA
"367",80,"10.1101/2020.01.28.923011",TRUE,"Mate  Palfy","conclusions","stat","stat-","-",1,"1-","-"
"368",80,"10.1101/2020.01.28.923011",TRUE,"Jessica  Polka","conclusions","stat","stat-","-",1,"1-","-"
"369",80,"10.1101/2020.01.28.923011",TRUE,"Mate  Palfy","conclusions","stat","stat-","-",1,"1-","-"
"370",81,"10.1101/2020.01.31.20019901",TRUE,"jonathon coates","context","effect","effect+","+",1,"1+","+"
"371",81,"10.1101/2020.01.31.20019901",TRUE,"Jessica  Polka","context","nounchange","nounchange",NA,1,"1",NA
"372",81,"10.1101/2020.01.31.20019901",TRUE,"Jessica  Polka","context","stat","stat+","+",1,"1",NA
"373",81,"10.1101/2020.01.31.20019901",TRUE,"Mate  Palfy","context","added","added",NA,1,"1",NA
"374",81,"10.1101/2020.01.31.20019901",TRUE,"Jessica  Polka","context","added","added",NA,1,"1",NA
"375",81,"10.1101/2020.01.31.20019901",TRUE,"Jessica  Polka","context","nounchange","nounchange",NA,1,"1",NA
"376",81,"10.1101/2020.01.31.20019901",TRUE,"jonathon coates","results","nounchange","nounchange",NA,1,"1-","-"
"377",81,"10.1101/2020.01.31.20019901",TRUE,"Jessica  Polka","context","added","added",NA,1,"1",NA
"378",81,"10.1101/2020.01.31.20019901",TRUE,"Jessica  Polka","context","added","added",NA,1,"1",NA
"379",81,"10.1101/2020.01.31.20019901",TRUE,"Dey   Gautam","context","added","added",NA,1,"1+","+"
"380",81,"10.1101/2020.01.31.20019901",TRUE,"Jessica  Polka","results","nounchange","nounchange",NA,1,"1",NA
"381",81,"10.1101/2020.01.31.20019901",TRUE,"Jessica  Polka","results","nounchange","nounchange",NA,2,"2",NA
"382",81,"10.1101/2020.01.31.20019901",TRUE,"jonathon coates","results","removed","removed",NA,1,"1-","-"
"383",81,"10.1101/2020.01.31.20019901",TRUE,"jonathon coates","results","stat","stat+","+",1,"1+","+"
"384",81,"10.1101/2020.01.31.20019901",TRUE,"jonathon coates","results","stat","stat+","+",1,"1+","+"
"385",81,"10.1101/2020.01.31.20019901",TRUE,"jonathon coates","results","added","added",NA,1,"1+","+"
"386",81,"10.1101/2020.01.31.20019901",TRUE,"Dey   Gautam","context","added","added",NA,2,"2",NA
"387",81,"10.1101/2020.01.31.20019901",TRUE,"Mate  Palfy","results","effect","effect-","-",1,"1",NA
"388",81,"10.1101/2020.01.31.20019901",TRUE,"Jessica  Polka","results","removed","removed",NA,1,"1",NA
"389",81,"10.1101/2020.01.31.20019901",TRUE,"Jessica  Polka","results","added","added",NA,1,"1",NA
"390",81,"10.1101/2020.01.31.20019901",TRUE,"Jessica  Polka","results","removed","removed",NA,1,"1",NA
"391",81,"10.1101/2020.01.31.20019901",TRUE,"Mate  Palfy","conclusions","nounchange","nounchange",NA,2,"2",NA
"392",81,"10.1101/2020.01.31.20019901",TRUE,"Jessica  Polka","conclusions","nounchange","nounchange",NA,1,"1",NA
"393",81,"10.1101/2020.01.31.20019901",TRUE,"Mate  Palfy","conclusions","nounchange","nounchange",NA,1,"1",NA
"394",82,"10.1101/2020.01.31.928796",TRUE,"Jessica  Polka","context","removed","removed",NA,1,"1",NA
"395",82,"10.1101/2020.01.31.928796",TRUE,"Jessica  Polka","conclusions","added","added",NA,1,"1+","+"
"396",83,"10.1101/2020.02.02.931162",TRUE,"jonathon coates","results","added","added",NA,1,"1+","+"
"397",83,"10.1101/2020.02.02.931162",TRUE,"Jessica  Polka","results","stat","stat+","+",1,"1+","+"
"398",83,"10.1101/2020.02.02.931162",TRUE,"Jessica  Polka","results","added","added",NA,1,"1+","+"
"399",83,"10.1101/2020.02.02.931162",TRUE,"Dey   Gautam","results","effect","effect+","+",1,"1",NA
"400",83,"10.1101/2020.02.02.931162",TRUE,"Jessica  Polka","results","effect","effect+","+",1,"1+","+"
"401",83,"10.1101/2020.02.02.931162",TRUE,"Jessica  Polka","results","stat","stat+","+",1,"1+","+"
"402",83,"10.1101/2020.02.02.931162",TRUE,"Jessica  Polka","results","added","added",NA,1,"1+","+"
"403",83,"10.1101/2020.02.02.931162",TRUE,"Mate  Palfy","results","added","added",NA,1,"1",NA
"404",83,"10.1101/2020.02.02.931162",TRUE,"Jessica  Polka","conclusions","stat","stat-","-",1,"1-","-"
"405",83,"10.1101/2020.02.02.931162",TRUE,"Jessica  Polka","context","added","added",NA,1,"1+","+"
"406",84,"10.1101/2020.02.03.933226",TRUE,"Dey   Gautam","context","added","added",NA,1,"1+","+"
"407",84,"10.1101/2020.02.03.933226",TRUE,"Jessica  Polka","results","stat","stat",NA,1,"1",NA
"408",84,"10.1101/2020.02.03.933226",TRUE,"Jessica  Polka","results","nounchange","nounchange",NA,1,"1",NA
"409",86,"10.1101/2020.02.06.20020974",TRUE,"Jessica  Polka","context","stat","stat+","+",1,"1",NA
"410",86,"10.1101/2020.02.06.20020974",TRUE,"Jessica  Polka","context","nounchange","nounchange",NA,1,"1",NA
"411",86,"10.1101/2020.02.06.20020974",TRUE,"Mate  Palfy","context","effect","effect-","-",1,"1",NA
"412",86,"10.1101/2020.02.06.20020974",TRUE,"Jessica  Polka","context","added","added",NA,1,"1",NA
"413",86,"10.1101/2020.02.06.20020974",TRUE,"Jessica  Polka","context","added","added",NA,1,"1",NA
"414",86,"10.1101/2020.02.06.20020974",TRUE,"jonathon coates","context","added","added",NA,1,"1+","+"
"415",86,"10.1101/2020.02.06.20020974",TRUE,"jonathon coates","results","added","added",NA,1,"1+","+"
"416",86,"10.1101/2020.02.06.20020974",TRUE,"Mate  Palfy","results","effect","effect-","-",1,"1",NA
"417",86,"10.1101/2020.02.06.20020974",TRUE,"Jessica  Polka","context","added","added",NA,1,"1",NA
"418",86,"10.1101/2020.02.06.20020974",TRUE,"Jessica  Polka","results","effect","effect+","+",1,"1",NA
"419",86,"10.1101/2020.02.06.20020974",TRUE,"Jessica  Polka","results","added","added",NA,1,"1+","+"
"420",86,"10.1101/2020.02.06.20020974",TRUE,"Jessica  Polka","results","effect","effect+","+",1,"1+","+"
"421",86,"10.1101/2020.02.06.20020974",TRUE,"Jessica  Polka","results","effect","effect+","+",1,"1+","+"
"422",86,"10.1101/2020.02.06.20020974",TRUE,"Jessica  Polka","results","added","added",NA,1,"1+","+"
"423",86,"10.1101/2020.02.06.20020974",TRUE,"Mate  Palfy","results","effect","effect+","+",1,"1",NA
"424",86,"10.1101/2020.02.06.20020974",TRUE,"Dey   Gautam","results","stat","stat",NA,1,"1+","+"
"425",86,"10.1101/2020.02.06.20020974",TRUE,"Mate  Palfy","results","nounchange","nounchange",NA,1,"1",NA
"426",86,"10.1101/2020.02.06.20020974",TRUE,"jonathon coates","results","stat","stat-","-",1,"1-","-"
"427",86,"10.1101/2020.02.06.20020974",TRUE,"Jessica  Polka","results","effect","effect+","+",1,"1+","+"
"428",86,"10.1101/2020.02.06.20020974",TRUE,"jonathon coates","results","added","added",NA,1,"1+","+"
"429",86,"10.1101/2020.02.06.20020974",TRUE,"jonathon coates","results","effect","effect+","+",1,"1+","+"
"430",86,"10.1101/2020.02.06.20020974",TRUE,"Mate  Palfy","conclusions","added","added",NA,1,"1",NA
"431",86,"10.1101/2020.02.06.20020974",TRUE,"Jessica  Polka","conclusions","added","added",NA,2,"2",NA
"432",86,"10.1101/2020.02.06.20020974",TRUE,"jonathon coates","conclusions","added","added",NA,2,"2",NA
"433",86,"10.1101/2020.02.06.20020974",TRUE,"Mate  Palfy","results","removed","removed",NA,2,"2",NA
"434",86,"10.1101/2020.02.06.20020974",TRUE,"Jessica  Polka","conclusions","removed","removed",NA,2,"2",NA
"435",87,"10.1101/2020.02.10.20021758",FALSE,"Jessica  Polka","context","added","added",NA,1,"1",NA
"436",88,"10.1101/2020.02.11.20020735",TRUE,"Jessica  Polka","context","added","added",NA,1,"1",NA
"437",88,"10.1101/2020.02.11.20020735",TRUE,"Jessica  Polka","context","added","added",NA,1,"1",NA
"438",88,"10.1101/2020.02.11.20020735",TRUE,"Mate  Palfy","context","added","added",NA,2,"2",NA
"439",88,"10.1101/2020.02.11.20020735",TRUE,"Mate  Palfy","context","added","added",NA,2,"2",NA
"440",88,"10.1101/2020.02.11.20020735",TRUE,"Jessica  Polka","context","added","added",NA,1,"1",NA
"441",88,"10.1101/2020.02.11.20020735",TRUE,"Jessica  Polka","results","removed","removed",NA,1,"1",NA
"442",88,"10.1101/2020.02.11.20020735",TRUE,"Jessica  Polka","results","removed","removed",NA,1,"1",NA
"443",88,"10.1101/2020.02.11.20020735",TRUE,"Jessica  Polka","results","removed","removed",NA,1,"1",NA
"444",88,"10.1101/2020.02.11.20020735",TRUE,"Jessica  Polka","results","removed","removed",NA,1,"1",NA
"445",88,"10.1101/2020.02.11.20020735",TRUE,"Jessica  Polka","conclusions","removed","removed",NA,1,"1",NA
"446",88,"10.1101/2020.02.11.20020735",TRUE,"Jessica  Polka","context","added","added",NA,1,"1+","+"
"447",88,"10.1101/2020.02.11.20020735",TRUE,"Jessica  Polka","context","added","added",NA,1,"1+","+"
"448",88,"10.1101/2020.02.11.20020735",TRUE,"Jessica  Polka","results","added","added",NA,1,"1+","+"
"449",88,"10.1101/2020.02.11.20020735",TRUE,"Mate  Palfy","results","effectreverse","effectreverse",NA,2,"2",NA
"450",88,"10.1101/2020.02.11.20020735",TRUE,"Dey   Gautam","results","added","added",NA,2,"2",NA
"451",88,"10.1101/2020.02.11.20020735",TRUE,"Mate  Palfy","results","added","added",NA,2,"2",NA
"452",88,"10.1101/2020.02.11.20020735",TRUE,"Mate  Palfy","context","added","added",NA,2,"2",NA
"453",88,"10.1101/2020.02.11.20020735",TRUE,"Jessica  Polka","results","added","added",NA,1,"1+","+"
"454",88,"10.1101/2020.02.11.20020735",TRUE,"Mate  Palfy","conclusions","added","added",NA,2,"2",NA
"455",88,"10.1101/2020.02.11.20020735",TRUE,"Mate  Palfy","conclusions","added","added",NA,2,"2",NA
"456",88,"10.1101/2020.02.11.20020735",TRUE,"Mate  Palfy","conclusions","added","added",NA,2,"2",NA
"457",88,"10.1101/2020.02.11.20020735",TRUE,"Mate  Palfy","conclusions","added","added",NA,2,"2",NA
"458",88,"10.1101/2020.02.11.20020735",TRUE,"Mate  Palfy","conclusions","added","added",NA,2,"2",NA
"459",89,"10.1101/2020.02.11.20022186",TRUE,"Jessica  Polka","context","removed","removed",NA,1,"1-","-"
"460",89,"10.1101/2020.02.11.20022186",TRUE,"Jessica  Polka","context","added","added",NA,1,"1+","+"
"461",89,"10.1101/2020.02.11.20022186",TRUE,"Jessica  Polka","context","nounchange","nounchange",NA,1,"1",NA
"462",89,"10.1101/2020.02.11.20022186",TRUE,"Jessica  Polka","context","nounchange","nounchange",NA,1,"1",NA
"463",89,"10.1101/2020.02.11.20022186",TRUE,"Mate  Palfy","context","added","added",NA,1,"1",NA
"464",89,"10.1101/2020.02.11.20022186",TRUE,"Mate  Palfy","context","removed","removed",NA,1,"1",NA
"465",89,"10.1101/2020.02.11.20022186",TRUE,"Mate  Palfy","results","added","added",NA,1,"1+","+"
"466",89,"10.1101/2020.02.11.20022186",TRUE,"Mate  Palfy","results","added","added",NA,1,"1+","+"
"467",89,"10.1101/2020.02.11.20022186",TRUE,"Mate  Palfy","results","effect","effect+","+",1,"1-","-"
"468",89,"10.1101/2020.02.11.20022186",TRUE,"Jessica  Polka","results","effect","effect+","+",1,"1+","+"
"469",89,"10.1101/2020.02.11.20022186",TRUE,"Jessica  Polka","results","effect","effect-","-",1,"1+","+"
"470",89,"10.1101/2020.02.11.20022186",TRUE,"Jessica  Polka","results","stat","stat-","-",1,"1-","-"
"471",89,"10.1101/2020.02.11.20022186",TRUE,"Jessica  Polka","results","effect","effect+","+",1,"1-","-"
"472",89,"10.1101/2020.02.11.20022186",TRUE,"Mate  Palfy","results","effect","effect-","-",1,"1-","-"
"473",89,"10.1101/2020.02.11.20022186",TRUE,"jonathon coates","results","effect","effect-","-",1,"1-","-"
"474",89,"10.1101/2020.02.11.20022186",TRUE,"Mate  Palfy","results","nounchange","nounchange",NA,1,"1-","-"
"475",89,"10.1101/2020.02.11.20022186",TRUE,"Mate  Palfy","conclusions","added","added",NA,1,"1",NA
"476",89,"10.1101/2020.02.11.20022186",TRUE,"Jessica  Polka","conclusions","added","added",NA,2,"2",NA
"477",89,"10.1101/2020.02.11.20022186",TRUE,"Jessica  Polka","conclusions","added","added",NA,2,"2",NA
"478",90,"10.1101/2020.02.11.944462",TRUE,"Jessica  Polka","context","stat","stat-","-",1,"1",NA
"479",90,"10.1101/2020.02.11.944462",TRUE,"Jessica  Polka","results","stat","stat-","-",1,"1-","-"
"480",90,"10.1101/2020.02.11.944462",TRUE,"Mate  Palfy","results","stat","stat-","-",1,"1-","-"
"481",91,"10.1101/2020.02.13.20022806",TRUE,"Jessica  Polka","context","effect","effect+","+",1,"1",NA
"482",91,"10.1101/2020.02.13.20022806",TRUE,"Jessica  Polka","context","effect","effect+","+",1,"1",NA
"483",91,"10.1101/2020.02.13.20022806",TRUE,"Mate  Palfy","context","removed","removed",NA,1,"1",NA
"484",91,"10.1101/2020.02.13.20022806",TRUE,"Mate  Palfy","context","added","added",NA,1,"1+","+"
"485",91,"10.1101/2020.02.13.20022806",TRUE,"jonathon coates","results","effect","effect-","-",1,"1-","-"
"486",91,"10.1101/2020.02.13.20022806",TRUE,"jonathon coates","results","effect","effect+","+",1,"1+","+"
"487",91,"10.1101/2020.02.13.20022806",TRUE,"jonathon coates","results","removed","removed",NA,1,"1-","-"
"488",92,"10.1101/2020.02.13.945485",TRUE,"Jessica  Polka","context","added","added",NA,1,"1",NA
"489",92,"10.1101/2020.02.13.945485",TRUE,"Mate  Palfy","context","stat","stat-","-",1,"1-","-"
"490",92,"10.1101/2020.02.13.945485",TRUE,"Mate  Palfy","results","stat","stat-","-",1,"1-","-"
"491",92,"10.1101/2020.02.13.945485",TRUE,"Mate  Palfy","conclusions","nounchange","nounchange",NA,1,"1",NA
"492",94,"10.1101/2020.02.15.20023374",FALSE,"Dey   Gautam","context","removed","removed",NA,1,"1",NA
"493",94,"10.1101/2020.02.15.20023374",FALSE,"Jessica  Polka","context","removed","removed",NA,1,"1-","-"
"494",94,"10.1101/2020.02.15.20023374",FALSE,"Jessica  Polka","results","removed","removed",NA,NA,NA,NA
"495",95,"10.1101/2020.02.16.20023671",TRUE,"Jessica  Polka","results","added","added",NA,1,"1+","+"
"496",95,"10.1101/2020.02.16.20023671",TRUE,"Jessica  Polka","results","added","added",NA,1,"1+","+"
"497",95,"10.1101/2020.02.16.20023671",TRUE,"Jessica  Polka","results","added","added",NA,1,"1+","+"
"498",95,"10.1101/2020.02.16.20023671",TRUE,"Mate  Palfy","results","added","added",NA,1,"1+","+"
"499",95,"10.1101/2020.02.16.20023671",TRUE,"jonathon coates","results","stat","stat",NA,1,"1+","+"
"500",95,"10.1101/2020.02.16.20023671",TRUE,"Dey   Gautam","results","added","added",NA,1,"1",NA
"501",95,"10.1101/2020.02.16.20023671",TRUE,"Jessica  Polka","conclusions","added","added",NA,2,"2",NA
"502",97,"10.1101/2020.02.17.952903",TRUE,"Jessica  Polka","context","effect","effect+","+",1,"1",NA
"503",97,"10.1101/2020.02.17.952903",TRUE,"Jessica  Polka","context","removed","removed",NA,1,"1",NA
"504",97,"10.1101/2020.02.17.952903",TRUE,"Jessica  Polka","context","nounchange","nounchange",NA,1,"1",NA
"505",97,"10.1101/2020.02.17.952903",TRUE,"Jessica  Polka","conclusions","stat","stat-","-",1,"1+","+"
"506",97,"10.1101/2020.02.17.952903",TRUE,"Jessica  Polka","context","removed","removed",NA,1,"1",NA
"507",97,"10.1101/2020.02.17.952903",TRUE,"Jessica  Polka","results","stat","stat-","-",1,"1-","-"
"508",97,"10.1101/2020.02.17.952903",TRUE,"Jessica  Polka","results","stat","stat-","-",1,"1-","-"
"509",97,"10.1101/2020.02.17.952903",TRUE,"Mate  Palfy","results","nounchange","nounchange",NA,1,"1",NA
"510",97,"10.1101/2020.02.17.952903",TRUE,"Jessica  Polka","results","stat","stat+","+",1,"1",NA
"511",97,"10.1101/2020.02.17.952903",TRUE,"Jessica  Polka","results","stat","stat-","-",1,"1-","-"
"512",97,"10.1101/2020.02.17.952903",TRUE,"Jessica  Polka","results","stat","stat+","+",1,"1+","+"
"513",97,"10.1101/2020.02.17.952903",TRUE,"Mate  Palfy","conclusions","effect","effect+","+",1,"1",NA
"514",97,"10.1101/2020.02.17.952903",TRUE,"Jessica  Polka","context","stat","stat+","+",1,"1",NA
"515",97,"10.1101/2020.02.17.952903",TRUE,"Jessica  Polka","context","removed","removed",NA,1,"1",NA
"516",97,"10.1101/2020.02.17.952903",TRUE,"Jessica  Polka","results","stat","stat-","-",1,"1-","-"
"517",97,"10.1101/2020.02.17.952903",TRUE,"Jessica  Polka","results","effect","effect-","-",1,"1-","-"
"518",97,"10.1101/2020.02.17.952903",TRUE,"Mate  Palfy","results","removed","removed",NA,1,"1-","-"
"519",97,"10.1101/2020.02.17.952903",TRUE,"Jessica  Polka","conclusions","stat","stat-","-",1,"1-","-"
"520",98,"10.1101/2020.02.19.20025452",TRUE,"Jessica  Polka","results","stat","stat-","-",1,"1-","-"
"521",98,"10.1101/2020.02.19.20025452",TRUE,"Mate  Palfy","results","removed","removed",NA,1,"1-","-"
"522",98,"10.1101/2020.02.19.20025452",TRUE,"jonathon coates","results","stat","stat+","+",1,"1+","+"
"523",99,"10.1101/2020.02.19.956581",TRUE,"Jessica  Polka","context","effect","effect+","+",1,"1",NA
"524",99,"10.1101/2020.02.19.956581",TRUE,"Jessica  Polka","context","effect","effect+","+",1,"1",NA
"525",99,"10.1101/2020.02.19.956581",TRUE,"Jessica  Polka","context","removed","removed",NA,1,"1",NA
"526",99,"10.1101/2020.02.19.956581",TRUE,"Mate  Palfy","context","removed","removed",NA,1,"1",NA
"527",99,"10.1101/2020.02.19.956581",TRUE,"Mate  Palfy","results","removed","removed",NA,2,"2",NA
"528",100,"10.1101/2020.02.20.20025619",TRUE,"Jessica  Polka","results","nounchange","nounchange",NA,1,"1-","-"
"529",101,"10.1101/2020.02.20.20025866",TRUE,"Mate  Palfy","context","added","added",NA,1,"1",NA
"530",101,"10.1101/2020.02.20.20025866",TRUE,"Mate  Palfy","context","added","added",NA,1,"1",NA
"531",101,"10.1101/2020.02.20.20025866",TRUE,"jonathon coates","results","effect","effect-","-",1,"1-","-"
"532",101,"10.1101/2020.02.20.20025866",TRUE,"jonathon coates","results","stat","stat",NA,1,"1+","+"
"533",102,"10.1101/2020.02.21.20026187",TRUE,"Jessica  Polka","context","added","added",NA,1,"1",NA
"534",102,"10.1101/2020.02.21.20026187",TRUE,"jonathon coates","context","removed","removed",NA,1,"1+","+"
"535",102,"10.1101/2020.02.21.20026187",TRUE,"Dey   Gautam","context","added","added",NA,1,"1",NA
"536",104,"10.1101/2020.02.23.20026856",TRUE,"jonathon coates","context","added","added",NA,1,"1+","+"
"537",104,"10.1101/2020.02.23.20026856",TRUE,"jonathon coates","context","added","added",NA,1,"1+","+"
"538",104,"10.1101/2020.02.23.20026856",TRUE,"Dey   Gautam","results","nounchange","nounchange",NA,1,"1",NA
"539",104,"10.1101/2020.02.23.20026856",TRUE,"jonathon coates","results","removed","removed",NA,1,"1-","-"
"540",104,"10.1101/2020.02.23.20026856",TRUE,"Mate  Palfy","conclusions","nounchange","nounchange",NA,1,"1-","-"
"541",104,"10.1101/2020.02.23.20026856",TRUE,"jonathon coates","conclusions","removed","removed",NA,1,"1+","+"
"542",105,"10.1101/2020.02.24.20027649",TRUE,"Dey   Gautam","results","added","added",NA,1,"1+","+"
"543",105,"10.1101/2020.02.24.20027649",TRUE,"Mate  Palfy","results","removed","removed",NA,1,"1-","-"
"544",105,"10.1101/2020.02.24.20027649",TRUE,"jonathon coates","results","added","added",NA,1,"1+","+"
"545",105,"10.1101/2020.02.24.20027649",TRUE,"Mate  Palfy","results","added","added",NA,1,"1+","+"
"546",105,"10.1101/2020.02.24.20027649",TRUE,"Dey   Gautam","conclusions","nounchange","nounchange",NA,1,"1",NA
"547",106,"10.1101/2020.02.26.20026971",TRUE,"Mate  Palfy","context","removed","removed",NA,1,"1",NA
"548",106,"10.1101/2020.02.26.20026971",TRUE,"Mate  Palfy","results","removed","removed",NA,1,"1",NA
"549",106,"10.1101/2020.02.26.20026971",TRUE,"Mate  Palfy","results","removed","removed",NA,1,"1",NA
"550",106,"10.1101/2020.02.26.20026971",TRUE,"jonathon coates","results","removed","removed",NA,1,"1-","-"
"551",106,"10.1101/2020.02.26.20026971",TRUE,"jonathon coates","results","effect","effect-","-",1,"1-","-"
"552",106,"10.1101/2020.02.26.20026971",TRUE,"jonathon coates","results","stat","stat",NA,1,"1-","-"
"553",106,"10.1101/2020.02.26.20026971",TRUE,"jonathon coates","results","stat","stat",NA,1,"1-","-"
"554",106,"10.1101/2020.02.26.20026971",TRUE,"Jessica  Polka","results","nounchange","nounchange",NA,1,"1",NA
"555",106,"10.1101/2020.02.26.20026971",TRUE,"jonathon coates","results","stat","stat",NA,1,"1-","-"
"556",106,"10.1101/2020.02.26.20026971",TRUE,"jonathon coates","results","removed","removed",NA,1,"1-","-"
"557",106,"10.1101/2020.02.26.20026971",TRUE,"jonathon coates","results","effect","effect-","-",1,"1-","-"
"558",106,"10.1101/2020.02.26.20026971",TRUE,"jonathon coates","results","effect","effect-","-",1,"1-","-"
"559",106,"10.1101/2020.02.26.20026971",TRUE,"Mate  Palfy","results","added","added",NA,1,"1",NA
"560",106,"10.1101/2020.02.26.20026971",TRUE,"Dey   Gautam","results","stat","stat-","-",1,"1",NA
"561",106,"10.1101/2020.02.26.20026971",TRUE,"jonathon coates","results","stat","stat",NA,1,"1+","+"
"562",106,"10.1101/2020.02.26.20026971",TRUE,"Mate  Palfy","results","stat","stat",NA,1,"1+","+"
"563",106,"10.1101/2020.02.26.20026971",TRUE,"Jessica  Polka","results","added","added",NA,1,"1+","+"
"564",106,"10.1101/2020.02.26.20026971",TRUE,"Jessica  Polka","results","stat","stat",NA,1,"1+","+"
"565",106,"10.1101/2020.02.26.20026971",TRUE,"Jessica  Polka","conclusions","added","added",NA,1,"1+","+"
"566",106,"10.1101/2020.02.26.20026971",TRUE,"Jessica  Polka","conclusions","added","added",NA,1,"1+","+"
"567",106,"10.1101/2020.02.26.20026971",TRUE,"Jessica  Polka","conclusions","added","added",NA,1,"1+","+"
"568",106,"10.1101/2020.02.26.20026971",TRUE,"Dey   Gautam","conclusions","nounchange","nounchange",NA,1,"1",NA
"569",107,"10.1101/2020.02.26.20028308",TRUE,"jonathon coates","context","added","added",NA,1,"1+","+"
"570",107,"10.1101/2020.02.26.20028308",TRUE,"Jessica  Polka","context","added","added",NA,1,"1",NA
"571",108,"10.1101/2020.02.26.964882",TRUE,"jonathon coates","results","effect","effect-","-",1,"1-","-"
"572",108,"10.1101/2020.02.26.964882",TRUE,"Jessica  Polka","results","effect","effect-","-",1,"1-","-"
"573",108,"10.1101/2020.02.26.964882",TRUE,"Mate  Palfy","results","effect","effect-","-",1,"1-","-"
"574",108,"10.1101/2020.02.26.964882",TRUE,"Jessica  Polka","results","stat","stat-","-",1,"1-","-"
"575",108,"10.1101/2020.02.26.964882",TRUE,"Jessica  Polka","conclusions","stat","stat-","-",1,"1-","-"
"576",109,"10.1101/2020.02.27.20028639",TRUE,"Dey   Gautam","context","added","added",NA,1,"1",NA
"577",109,"10.1101/2020.02.27.20028639",TRUE,"Jessica  Polka","results","effect","effect-","-",1,"1-","-"
"578",109,"10.1101/2020.02.27.20028639",TRUE,"Dey   Gautam","context","added","added",NA,1,"1+","+"
"579",109,"10.1101/2020.02.27.20028639",TRUE,"Jessica  Polka","results","effect","effect+","+",1,"1+","+"
"580",109,"10.1101/2020.02.27.20028639",TRUE,"Dey   Gautam","conclusions","effect","effect-","-",1,"1",NA
"581",109,"10.1101/2020.02.27.20028639",TRUE,"jonathon coates","results","added","added",NA,1,"1-","-"
"582",109,"10.1101/2020.02.27.20028639",TRUE,"Jessica  Polka","context","added","added",NA,1,"1",NA
"583",110,"10.1101/2020.02.27.20028829",TRUE,"jonathon coates","context","effect","effect+","+",1,"1+","+"
"584",110,"10.1101/2020.02.27.20028829",TRUE,"jonathon coates","context","effect","effect+","+",1,"1+","+"
"585",110,"10.1101/2020.02.27.20028829",TRUE,"Jessica  Polka","results","added","added",NA,1,"1+","+"
"586",110,"10.1101/2020.02.27.20028829",TRUE,"Mate  Palfy","results","added","added",NA,1,"1+","+"
"587",110,"10.1101/2020.02.27.20028829",TRUE,"Mate  Palfy","results","added","added",NA,1,"1+","+"
"588",110,"10.1101/2020.02.27.20028829",TRUE,"Dey   Gautam","results","added","added",NA,2,"2",NA
"589",110,"10.1101/2020.02.27.20028829",TRUE,"Dey   Gautam","conclusions","added","added",NA,1,"1",NA
"590",110,"10.1101/2020.02.27.20028829",TRUE,"Jessica  Polka","results","added","added",NA,2,"2+","+"
"591",110,"10.1101/2020.02.27.20028829",TRUE,"Jessica  Polka","results","added","added",NA,1,"1+","+"
"592",111,"10.1101/2020.02.27.967760",TRUE,"jonathon coates","context","effect","effect+","+",1,"1+","+"
"593",111,"10.1101/2020.02.27.967760",TRUE,"Mate  Palfy","conclusions","added","added",NA,2,"2",NA
"594",111,"10.1101/2020.02.27.967760",TRUE,"Jessica  Polka","conclusions","stat","stat-","-",1,"1-","-"
"595",112,"10.1101/2020.02.29.20029322",TRUE,"Dey   Gautam","context","added","added",NA,1,"1",NA
"596",112,"10.1101/2020.02.29.20029322",TRUE,"Mate  Palfy","results","removed","removed",NA,2,"2",NA
"597",112,"10.1101/2020.02.29.20029322",TRUE,"Mate  Palfy","results","removed","removed",NA,1,"1-","-"
"598",112,"10.1101/2020.02.29.20029322",TRUE,"jonathon coates","results","stat","stat",NA,1,"1-","-"
"599",112,"10.1101/2020.02.29.20029322",TRUE,"jonathon coates","results","stat","stat",NA,1,"1-","-"
"600",112,"10.1101/2020.02.29.20029322",TRUE,"Jessica  Polka","results","removed","removed",NA,1,"1-","-"
"601",113,"10.1101/2020.02.29.20029462",TRUE,"Dey   Gautam","context","added","added",NA,1,"1",NA
"602",113,"10.1101/2020.02.29.20029462",TRUE,"Mate  Palfy","results","removed","removed",NA,1,"1-","-"
"603",113,"10.1101/2020.02.29.20029462",TRUE,"Jessica  Polka","context","removed","removed",NA,1,"1",NA
"604",113,"10.1101/2020.02.29.20029462",TRUE,"Jessica  Polka","results","stat","stat+","+",1,"1-","-"
"605",113,"10.1101/2020.02.29.20029462",TRUE,"Mate  Palfy","results","removed","removed",NA,1,"1",NA
"606",113,"10.1101/2020.02.29.20029462",TRUE,"Dey   Gautam","conclusions","added","added",NA,1,"1",NA
"607",114,"10.1101/2020.02.29.965418",TRUE,"Mate  Palfy","results","added","added",NA,1,"1+","+"
"608",114,"10.1101/2020.02.29.965418",TRUE,"jonathon coates","results","added","added",NA,1,"1+","+"
"609",116,"10.1101/2020.03.02.20030189",TRUE,"Jessica  Polka","results","stat","stat-","-",1,"1-","-"
"610",119,"10.1101/2020.03.05.20031773",TRUE,"Jessica  Polka","results","effect","effect+","+",1,"1",NA
"611",119,"10.1101/2020.03.05.20031773",TRUE,"Jessica  Polka","results","effect","effect-","-",1,"1",NA
"612",119,"10.1101/2020.03.05.20031773",TRUE,"jonathon coates","results","stat","stat-","-",1,"1-","-"
"613",119,"10.1101/2020.03.05.20031773",TRUE,"Jessica  Polka","conclusions","effect","effect+","+",1,"1",NA
"614",119,"10.1101/2020.03.05.20031773",TRUE,"Mate  Palfy","results","effect","effect+","+",1,"1",NA
"615",120,"10.1101/2020.03.06.20032193",FALSE,"jonathon coates","conclusions","added","added",NA,1,"1",NA
"616",121,"10.1101/2020.03.06.977876",TRUE,"Dey   Gautam","context","added","added",NA,1,"1",NA
"617",121,"10.1101/2020.03.06.977876",TRUE,"jonathon coates","results","removed","removed",NA,1,"1-","-"
"618",122,"10.1101/2020.03.07.20031575",TRUE,"Jessica  Polka","context","stat","stat-","-",1,"1-","-"
"619",122,"10.1101/2020.03.07.20031575",TRUE,"Jessica  Polka","context","added","added",NA,1,"1",NA
"620",122,"10.1101/2020.03.07.20031575",TRUE,"Dey   Gautam","context","added","added",NA,1,"1",NA
"621",122,"10.1101/2020.03.07.20031575",TRUE,"Jessica  Polka","results","nounchange","nounchange",NA,1,"1+","+"
"622",122,"10.1101/2020.03.07.20031575",TRUE,"jonathon coates","results","stat","stat",NA,1,"1+","+"
"623",122,"10.1101/2020.03.07.20031575",TRUE,"jonathon coates","results","stat","stat",NA,1,"1+","+"
"624",122,"10.1101/2020.03.07.20031575",TRUE,"jonathon coates","results","added","added",NA,1,"1+","+"
"625",122,"10.1101/2020.03.07.20031575",TRUE,"Jessica  Polka","conclusions","stat","stat-","-",1,"1-","-"
"626",123,"10.1101/2020.03.08.20032946",TRUE,"Jessica  Polka","results","added","added",NA,1,"1+","+"
"627",123,"10.1101/2020.03.08.20032946",TRUE,"Mate  Palfy","results","added","added",NA,1,"1+","+"
"628",123,"10.1101/2020.03.08.20032946",TRUE,"Jessica  Polka","context","added","added",NA,1,"1+","+"
"629",123,"10.1101/2020.03.08.20032946",TRUE,"Mate  Palfy","results","added","added",NA,1,"1+","+"
"630",123,"10.1101/2020.03.08.20032946",TRUE,"Jessica  Polka","results","added","added",NA,1,"1+","+"
"631",123,"10.1101/2020.03.08.20032946",TRUE,"Jessica  Polka","results","stat","stat-","-",1,"1-","-"
"632",123,"10.1101/2020.03.08.20032946",TRUE,"Mate  Palfy","conclusions","added","added",NA,2,"2",NA
"633",123,"10.1101/2020.03.08.20032946",TRUE,"Jessica  Polka","context","added","added",NA,1,"1+","+"
"634",123,"10.1101/2020.03.08.20032946",TRUE,"jonathon coates","results","added","added",NA,1,"1+","+"
"635",123,"10.1101/2020.03.08.20032946",TRUE,"Jessica  Polka","results","added","added",NA,1,"1+","+"
"636",123,"10.1101/2020.03.08.20032946",TRUE,"Jessica  Polka","conclusions","added","added",NA,2,"2",NA
"637",123,"10.1101/2020.03.08.20032946",TRUE,"Jessica  Polka","conclusions","stat","stat-","-",1,"1-","-"
"638",123,"10.1101/2020.03.08.20032946",TRUE,"Jessica  Polka","results","added","added",NA,1,"1+","+"
"639",123,"10.1101/2020.03.08.20032946",TRUE,"Jessica  Polka","conclusions","added","added",NA,2,"2",NA
"640",123,"10.1101/2020.03.08.20032946",TRUE,"jonathon coates","conclusions","added","added",NA,2,"2",NA
"641",124,"10.1101/2020.03.09.983064",TRUE,"jonathon coates","context","effect","effect",NA,1,"1+","+"
"642",124,"10.1101/2020.03.09.983064",TRUE,"Jessica  Polka","conclusions","stat","stat+","+",1,"1+","+"
"643",125,"10.1101/2020.03.09.983247",TRUE,"Jessica  Polka","conclusions","stat","stat+","+",1,"1+","+"
"644",125,"10.1101/2020.03.09.983247",TRUE,"Dey   Gautam","results","effect","effect+","+",1,"1",NA
"645",126,"10.1101/2020.03.09.984856",TRUE,"jonathon coates","conclusions","removed","removed",NA,2,"2",NA
"646",127,"10.1101/2020.03.10.20033605",TRUE,"Dey   Gautam","results","effect","effect+","+",1,"1",NA
"647",129,"10.1101/2020.03.13.20034496",TRUE,"Jessica  Polka","context","removed","removed",NA,1,"1-","-"
"648",129,"10.1101/2020.03.13.20034496",TRUE,"Jessica  Polka","conclusions","removed","removed",NA,1,"1-","-"
"649",129,"10.1101/2020.03.13.20034496",TRUE,"jonathon coates","context","removed","removed",NA,1,"1-","-"
"650",129,"10.1101/2020.03.13.20034496",TRUE,"jonathon coates","results","added","added",NA,1,"1+","+"
"651",130,"10.1101/2020.03.13.20035410",TRUE,"Jessica  Polka","results","effect","effect-","-",1,"1-","-"
"652",130,"10.1101/2020.03.13.20035410",TRUE,"Dey   Gautam","results","removed","removed",NA,1,"1",NA
"653",130,"10.1101/2020.03.13.20035410",TRUE,"Jessica  Polka","results","added","added",NA,1,"1+","+"
"654",130,"10.1101/2020.03.13.20035410",TRUE,"Jessica  Polka","results","added","added",NA,1,"1+","+"
"655",130,"10.1101/2020.03.13.20035410",TRUE,"Jessica  Polka","conclusions","removed","removed",NA,1,"1-","-"
"656",131,"10.1101/2020.03.13.20035428",TRUE,"jonathon coates","results","stat","stat",NA,1,"1+","+"
"657",132,"10.1101/2020.03.13.20035485",TRUE,"Jessica  Polka","results","removed","removed",NA,1,"1-","-"
"658",132,"10.1101/2020.03.13.20035485",TRUE,"Jessica  Polka","results","removed","removed",NA,1,"1-","-"
"659",132,"10.1101/2020.03.13.20035485",TRUE,"Jessica  Polka","results","stat","stat+","+",1,"1+","+"
"660",132,"10.1101/2020.03.13.20035485",TRUE,"jonathon coates","results","effect","effect-","-",1,"1-","-"
"661",132,"10.1101/2020.03.13.20035485",TRUE,"Jessica  Polka","conclusions","removed","removed",NA,2,"2",NA
"662",132,"10.1101/2020.03.13.20035485",TRUE,"Dey   Gautam","results","removed","removed",NA,2,"2",NA
"663",132,"10.1101/2020.03.13.20035485",TRUE,"jonathon coates","conclusions","added","added",NA,1,"1+","+"
"664",132,"10.1101/2020.03.13.20035485",TRUE,"Jessica  Polka","results","removed","removed",NA,1,"1-","-"
"665",132,"10.1101/2020.03.13.20035485",TRUE,"Dey   Gautam","conclusions","added","added",NA,2,"2",NA
"666",133,"10.1101/2020.03.13.20035568",TRUE,"jonathon coates","context","added","added",NA,1,"1+","+"
"667",133,"10.1101/2020.03.13.20035568",TRUE,"Jessica  Polka","results","stat","stat-","-",1,"1-","-"
"668",133,"10.1101/2020.03.13.20035568",TRUE,"jonathon coates","results","added","added",NA,1,"1+","+"
"669",133,"10.1101/2020.03.13.20035568",TRUE,"jonathon coates","results","added","added",NA,1,"1+","+"
"670",133,"10.1101/2020.03.13.20035568",TRUE,"jonathon coates","results","stat","stat+","+",1,"1+","+"
"671",133,"10.1101/2020.03.13.20035568",TRUE,"Dey   Gautam","results","removed","removed",NA,1,"1",NA
"672",133,"10.1101/2020.03.13.20035568",TRUE,"Jessica  Polka","results","added","added",NA,1,"1+","+"
"673",133,"10.1101/2020.03.13.20035568",TRUE,"jonathon coates","results","stat","stat-","-",1,"1-","-"
"674",133,"10.1101/2020.03.13.20035568",TRUE,"Jessica  Polka","results","added","added",NA,1,"1+","+"
"675",133,"10.1101/2020.03.13.20035568",TRUE,"jonathon coates","results","removed","removed",NA,1,"1-","-"
"676",133,"10.1101/2020.03.13.20035568",TRUE,"jonathon coates","results","stat","stat+","+",1,"1+","+"
"677",133,"10.1101/2020.03.13.20035568",TRUE,"Jessica  Polka","results","stat","stat-","-",1,"1-","-"
"678",133,"10.1101/2020.03.13.20035568",TRUE,"Jessica  Polka","conclusions","stat","stat+","+",1,"1+","+"
"679",134,"10.1101/2020.03.13.991570",TRUE,"jonathon coates","context","effect","effect+","+",1,"1+","+"
"680",134,"10.1101/2020.03.13.991570",TRUE,"Jessica  Polka","results","nounchange","nounchange",NA,1,"1+","+"
"681",134,"10.1101/2020.03.13.991570",TRUE,"Jessica  Polka","results","added","added",NA,1,"1+","+"
"682",134,"10.1101/2020.03.13.991570",TRUE,"Jessica  Polka","results","stat","stat",NA,1,"1+","+"
"683",134,"10.1101/2020.03.13.991570",TRUE,"Jessica  Polka","results","added","added",NA,1,"1+","+"
"684",134,"10.1101/2020.03.13.991570",TRUE,"Mate  Palfy","results","added","added",NA,1,"1+","+"
"685",135,"10.1101/2020.03.14.20036202",TRUE,"Jessica  Polka","results","removed","removed",NA,1,"1-","-"
"686",137,"10.1101/2020.03.15.20036293",TRUE,"jonathon coates","conclusions","added","added",NA,1,"1+","+"
"687",138,"10.1101/2020.03.15.20036350",TRUE,"Dey   Gautam","results","stat","stat",NA,1,"1",NA
"688",139,"10.1101/2020.03.15.20036368",TRUE,"Dey   Gautam","context","effect","effect-","-",1,"1",NA
"689",139,"10.1101/2020.03.15.20036368",TRUE,"jonathon coates","results","effect","effect+","+",1,"1+","+"
"690",139,"10.1101/2020.03.15.20036368",TRUE,"Mate  Palfy","results","removed","removed",NA,1,"1-","-"
"691",139,"10.1101/2020.03.15.20036368",TRUE,"Dey   Gautam","conclusions","effect","effect-","-",1,"1",NA
"692",140,"10.1101/2020.03.15.20036707",TRUE,"Dey   Gautam","results","stat","stat",NA,1,"1",NA
"693",140,"10.1101/2020.03.15.20036707",TRUE,"Dey   Gautam","context","added","added",NA,1,"1",NA
"694",143,"10.1101/2020.03.16.20035014",TRUE,"Jessica  Polka","conclusions","stat","stat-","-",1,"1-","-"
"695",144,"10.1101/2020.03.16.20037135",TRUE,"jonathon coates","results","added","added",NA,1,"1+","+"
"696",144,"10.1101/2020.03.16.20037135",TRUE,"Jessica  Polka","conclusions","stat","stat-","-",1,"1-","-"
"697",147,"10.1101/2020.03.18.20038059",TRUE,"jonathon coates","results","added","added",NA,1,"1+","+"
"698",148,"10.1101/2020.03.19.20038950",TRUE,"Dey   Gautam","context","effect","effect-","-",1,"1",NA
"699",148,"10.1101/2020.03.19.20038950",TRUE,"Dey   Gautam","results","added","added",NA,2,"2",NA
"700",148,"10.1101/2020.03.19.20038950",TRUE,"Dey   Gautam","results","effect","effect+","+",2,"2",NA
"701",148,"10.1101/2020.03.19.20038950",TRUE,"Dey   Gautam","results","effect","effect+","+",2,"2",NA
"702",149,"10.1101/2020.03.21.001933",TRUE,"Dey   Gautam","context","effect","effect+","+",1,"1",NA
"703",150,"10.1101/2020.03.22.20040600",TRUE,"Dey   Gautam","context","added","added",NA,1,"1",NA
"704",151,"10.1101/2020.03.24.20041020",TRUE,"Dey   Gautam","context","effect","effect+","+",1,"1",NA
"705",151,"10.1101/2020.03.24.20041020",TRUE,"jonathon coates","results","effect","effect+","+",1,"1+","+"
"706",151,"10.1101/2020.03.24.20041020",TRUE,"jonathon coates","results","effect","effect+","+",1,"1+","+"
"707",151,"10.1101/2020.03.24.20041020",TRUE,"Jessica  Polka","results","stat","stat+","+",1,"1+","+"
"708",151,"10.1101/2020.03.24.20041020",TRUE,"Jessica  Polka","results","effect","effect+","+",1,"1+","+"
"709",151,"10.1101/2020.03.24.20041020",TRUE,"Jessica  Polka","results","effect","effect+","+",1,"1+","+"
"710",151,"10.1101/2020.03.24.20041020",TRUE,"Jessica  Polka","results","nounchange","nounchange",NA,1,"1+","+"
"711",151,"10.1101/2020.03.24.20041020",TRUE,"Mate  Palfy","results","added","added",NA,1,"1+","+"
"712",151,"10.1101/2020.03.24.20041020",TRUE,"Mate  Palfy","results","added","added",NA,1,"1+","+"
"713",151,"10.1101/2020.03.24.20041020",TRUE,"Jessica  Polka","results","removed","removed",NA,1,"1-","-"
"714",151,"10.1101/2020.03.24.20041020",TRUE,"Mate  Palfy","results","removed","removed",NA,1,"1-","-"
"715",151,"10.1101/2020.03.24.20041020",TRUE,"Jessica  Polka","results","removed","removed",NA,1,"1-","-"
"716",151,"10.1101/2020.03.24.20041020",TRUE,"Mate  Palfy","results","removed","removed",NA,1,"1",NA
"717",151,"10.1101/2020.03.24.20041020",TRUE,"Mate  Palfy","results","added","added",NA,1,"1",NA
"718",151,"10.1101/2020.03.24.20041020",TRUE,"Mate  Palfy","results","added","added",NA,1,"1",NA
"719",151,"10.1101/2020.03.24.20041020",TRUE,"Jessica  Polka","results","added","added",NA,1,"1+","+"
"720",151,"10.1101/2020.03.24.20041020",TRUE,"jonathon coates","results","effect","effect-","-",1,"1-","-"
"721",151,"10.1101/2020.03.24.20041020",TRUE,"Jessica  Polka","results","stat","stat-","-",1,"1-","-"
"722",151,"10.1101/2020.03.24.20041020",TRUE,"jonathon coates","conclusions","removed","removed",NA,1,"1-","-"
"723",151,"10.1101/2020.03.24.20041020",TRUE,"Dey   Gautam","conclusions","added","added",NA,2,"2",NA
"724",151,"10.1101/2020.03.24.20041020",TRUE,"jonathon coates","conclusions","added","added",NA,2,"2",NA
"725",155,"10.1101/2020.03.29.20043547",TRUE,"jonathon coates","context","added","added",NA,1,"1+","+"
"726",155,"10.1101/2020.03.29.20043547",TRUE,"Jessica  Polka","context","nounchange","nounchange",NA,1,"1",NA
"727",155,"10.1101/2020.03.29.20043547",TRUE,"Dey   Gautam","context","added","added",NA,1,"1",NA
"728",155,"10.1101/2020.03.29.20043547",TRUE,"jonathon coates","results","stat","stat",NA,1,"1+","+"
"729",155,"10.1101/2020.03.29.20043547",TRUE,"jonathon coates","results","stat","stat",NA,1,"1+","+"
"730",155,"10.1101/2020.03.29.20043547",TRUE,"jonathon coates","results","stat","stat",NA,1,"1+","+"
"731",155,"10.1101/2020.03.29.20043547",TRUE,"Jessica  Polka","conclusions","added","added",NA,1,"1+","+"
"732",160,"10.1101/2020.04.02.20051128",TRUE,"Dey   Gautam","context","added","added",NA,1,"1",NA
"733",160,"10.1101/2020.04.02.20051128",TRUE,"Jessica  Polka","context","added","added",NA,1,"1+","+"
"734",160,"10.1101/2020.04.02.20051128",TRUE,"Mate  Palfy","conclusions","stat","stat-","-",1,"1-","-"
"735",161,"10.1101/2020.04.03.20050195",TRUE,"Jessica  Polka","context","removed","removed",NA,1,"1-","-"
"736",161,"10.1101/2020.04.03.20050195",TRUE,"Mate  Palfy","context","removed","removed",NA,1,"1-","-"
"737",161,"10.1101/2020.04.03.20050195",TRUE,"Mate  Palfy","context","removed","removed",NA,1,"1-","-"
"738",161,"10.1101/2020.04.03.20050195",TRUE,"Dey   Gautam","results","effect","effect+","+",1,"1",NA
"739",161,"10.1101/2020.04.03.20050195",TRUE,"jonathon coates","results","effect","effect+","+",1,"1+","+"
"740",161,"10.1101/2020.04.03.20050195",TRUE,"Jessica  Polka","conclusions","stat","stat+","+",1,"1+","+"
"741",162,"10.1101/755652",FALSE,"Jessica  Polka","context","added","added",NA,1,"1+","+"
"742",164,"10.1101/768648",FALSE,"jonathon coates","context","added","added",NA,1,"1+","+"
"743",164,"10.1101/768648",FALSE,"Jessica  Polka","conclusions","removed","removed",NA,1,"1-","-"
"744",164,"10.1101/768648",FALSE,"Jessica  Polka","conclusions","removed","removed",NA,1,"1-","-"
"745",165,"10.1101/773812",FALSE,"Jessica  Polka","context","added","added",NA,1,"1+","+"
"746",165,"10.1101/773812",FALSE,"Mate  Palfy","context","added","added",NA,1,"1+","+"
"747",165,"10.1101/773812",FALSE,"Jessica  Polka","results","added","added",NA,1,"1+","+"
"748",165,"10.1101/773812",FALSE,"jonathon coates","results","removed","removed",NA,1,"1-","-"
"749",165,"10.1101/773812",FALSE,"Mate  Palfy","results","nounchange","nounchange",NA,1,"1+","+"
"750",165,"10.1101/773812",FALSE,"Dey   Gautam","results","added","added",NA,1,"1",NA
"751",165,"10.1101/773812",FALSE,"Jessica  Polka","conclusions","removed","removed",NA,1,"1-","-"
"752",165,"10.1101/773812",FALSE,"Jessica  Polka","conclusions","removed","removed",NA,2,"2",NA
"753",165,"10.1101/773812",FALSE,"Jessica  Polka","conclusions","removed","removed",NA,2,"2",NA
"754",167,"10.1101/782359",FALSE,"Jessica  Polka","results","nounchange","nounchange",NA,1,"1-","-"
"755",168,"10.1101/782839",FALSE,"Dey   Gautam","context","added","added",NA,1,"1",NA
"756",168,"10.1101/782839",FALSE,"Jessica  Polka","context","added","added",NA,1,"1",NA
"757",168,"10.1101/782839",FALSE,"Mate  Palfy","context","added","added",NA,1,"1+","+"
"758",169,"10.1101/785691",FALSE,"Dey   Gautam","context","nounchange","nounchange",NA,1,"1",NA
"759",169,"10.1101/785691",FALSE,"Mate  Palfy","results","removed","removed",NA,1,"1-","-"
"760",169,"10.1101/785691",FALSE,"Mate  Palfy","results","added","added",NA,1,"1+","+"
"761",169,"10.1101/785691",FALSE,"Mate  Palfy","results","added","added",NA,1,"1+","+"
"762",169,"10.1101/785691",FALSE,"Dey   Gautam","results","effect","effect+","+",2,"2",NA
"763",169,"10.1101/785691",FALSE,"Dey   Gautam","results","added","added",NA,2,"2",NA
"764",170,"10.1101/791269",FALSE,"Mate  Palfy","conclusions","added","added",NA,1,"1+","+"
"765",172,"10.1101/797183",FALSE,"jonathon coates","results","stat","stat-","-",1,"1-","-"
"766",172,"10.1101/797183",FALSE,"Mate  Palfy","conclusions","removed","removed",NA,1,"1-","-"
"767",172,"10.1101/797183",FALSE,"Jessica  Polka","conclusions","removed","removed",NA,1,"1-","-"
"768",172,"10.1101/797183",FALSE,"Dey   Gautam","conclusions","effect","effect-","-",1,"1",NA
"769",174,"10.1101/815662",FALSE,"Jessica  Polka","context","removed","removed",NA,1,"1-","-"
"770",174,"10.1101/815662",FALSE,"Jessica  Polka","context","added","added",NA,1,"1+","+"
"771",174,"10.1101/815662",FALSE,"Jessica  Polka","results","nounchange","nounchange",NA,1,"1+","+"
"772",174,"10.1101/815662",FALSE,"Mate  Palfy","results","removed","removed",NA,1,"1-","-"
"773",174,"10.1101/815662",FALSE,"Jessica  Polka","results","stat","stat-","-",1,"1-","-"
"774",174,"10.1101/815662",FALSE,"Dey   Gautam","conclusions","added","added",NA,1,"1",NA
"775",175,"10.1101/819037",FALSE,"Jessica  Polka","context","added","added",NA,1,"1+","+"
"776",175,"10.1101/819037",FALSE,"jonathon coates","results","effect","effect-","-",1,"1-","-"
"777",175,"10.1101/819037",FALSE,"Mate  Palfy","results","added","added",NA,1,"1+","+"
"778",178,"10.1101/838870",FALSE,"Jessica  Polka","results","added","added",NA,1,"1+","+"
"779",178,"10.1101/838870",FALSE,"Jessica  Polka","results","added","added",NA,1,"1+","+"
"780",178,"10.1101/838870",FALSE,"Dey   Gautam","results","nounchange","nounchange",NA,1,"1",NA
"781",178,"10.1101/838870",FALSE,"Jessica  Polka","context","removed","removed",NA,1,"1",NA
"782",181,"10.1101/859892",FALSE,"Dey   Gautam","context","effect","effect-","-",1,"1",NA
"783",181,"10.1101/859892",FALSE,"Jessica  Polka","conclusions","removed","removed",NA,2,"2",NA
"784",181,"10.1101/859892",FALSE,"Dey   Gautam","context","added","added",NA,1,"1",NA
"785",181,"10.1101/859892",FALSE,"Mate  Palfy","results","stat","stat",NA,1,"1+","+"
"786",181,"10.1101/859892",FALSE,"Mate  Palfy","results","stat","stat",NA,1,"1+","+"
"787",181,"10.1101/859892",FALSE,"Mate  Palfy","results","stat","stat",NA,1,"1+","+"
"788",181,"10.1101/859892",FALSE,"Mate  Palfy","results","added","added",NA,1,"1+","+"
"789",181,"10.1101/859892",FALSE,"Jessica  Polka","results","removed","removed",NA,3,"3",NA
"790",181,"10.1101/859892",FALSE,"Jessica  Polka","results","added","added",NA,3,"3",NA
"791",181,"10.1101/859892",FALSE,"Mate  Palfy","conclusions","removed","removed",NA,1,"1-","-"
"792",184,"10.1101/869313",FALSE,"Dey   Gautam","context","nounchange","nounchange",NA,1,"1",NA
